welfare_id,name,welfare,application_agency,contact_info,criteria,document_needed,notice,tag們,
1,低收入戶婦女生育補助,"每次補助10,000元",各籍所在地鄉(鎮、市)公所,屏東縣社會處社會救助科08-7320415轉5339,1.最近一年居住國內超過183日。 2.設籍屏東縣。 3.屏東縣列冊低收入戶之婦女，以胎兒非死產者始得申請。,1.申請表。2.合格醫療院所開具之嬰兒出生證明。3.嬰兒入籍本縣之戶口名簿影本。4.領款收據。5.申請人郵局存簿封面影本。,低收入戶或中低收入戶證明文件，由受理之鄉(鎮、市)公所依職權查調並檢附。,#屏東縣 #婦女 #低收入戶 #孕婦 #生育,
2,低收入戶產婦及嬰兒營養補助,"每人補助5,000元",各籍所在地鄉(鎮、市)公所,屏東縣社會處社會救助科08-7320415轉5339,1.最近一年居住國內超過183日。 2.設籍屏東縣。 3.屏東縣列冊低收入戶之婦女。,1.申請表。2.合格醫療院所開具之嬰兒出生證明。3.嬰兒入籍本縣之戶口名簿影本。4.領款收據。5.申請人郵局存簿封面影本。,低收入戶或中低收入戶證明文件，由受理之鄉(鎮、市)公所依職權查調並檢附。,#屏東縣 #低收入戶 #孕婦 #托育 #婦女,
3,低收入戶房屋修繕補助,"每戶最高補助30,000元",各籍所在地鄉(鎮、市)公所,屏東縣社會處社會救助科08-7320415轉5339,1.最近一年居住國內超過183日。 2.設籍屏東縣。 3.屏東縣列冊低收入戶 4. 應於施工前進行，申請申請修繕之項目，以過去尚未補助整修為原則。  5.補助項目為低收入戶其自有住屋現有房屋之屋頂，牆壁、地面、衛浴、門窗、廚房、臥房、排水等硬體設施不堪使用，亟待修繕者。  6.相同年度內，未以同一事由重覆申領屏東縣災害救助金補助、中低收入戶老人住宅設施設備補助、原住民整、修建住宅補助或其他政府補助者。 7.申請修繕住宅補助者，以低收入戶之自有住屋為限。 ,1.低收入戶證明。 2. 土地、建物登記簿謄本（或房屋設籍証明）。 3. 戶口名簿影本1份。 4.施工前照片。 5.估價單。 6.切結書。,應於施工前進行，申請申請修繕之項目，以過去尚未補助整修為原則。,#屏東縣 #低收入戶 #住宅修繕,
4,身心障礙者生活補助,低收入戶之極重度、重度及中度身心障礙者每人每月核發新臺幣8836元，輕度身心障礙者每人每月核發新臺幣5065元；中低收入戶之極重度、重度及中度身心障礙者每人每月核發新臺幣5065元，輕度身心障礙者每人每月核發新臺幣3772元；非低、中低受入戶之極重度、重度及中度身心障礙者每人每月核發新臺幣5065元,各籍所在地鄉(鎮、市)公所,屏東縣社會處社會救助科08-7320415轉5337、5338、5411、5412、5369,1.最近一年居住國內超過183日。 2.設籍且實際居住於屏東縣。 3.領有身心障礙證明或手冊者。 4. 未接受政府補助收容安置。 5. 家庭總收入應計算人口之所有土地及房屋價值合計未超過706萬元。6. 家庭總收入應計算人口之所有存款本金及有價證券價值合計未超過1人時，為新臺幣200萬元，每增加一人，增加新臺幣25萬元。7. 家庭總收入平均分配全家人口之金額，未達當年度每人每月最低生活費2.5倍，且未超過臺灣地區平均每人每月消費支出1.5倍。,1.國民身分證影本(14歲以下得檢附戶口名簿影本)。2.申請人私章及郵局存簿封面影本。3.國中以上在學學生之在學證明書或學生證影本。4.其他證明文件(如:在監服刑證明、公立醫療機構或中央主管機關評鑑合格之醫院所開具最近三個月內之診斷書、重大傷病卡、受監護宣告證明…等，無可免附)。,1.依據法令規定，中老津貼、身障補助、國民年金老年基本保證年金、身障基本保證年金、老年年金A式給付、老農津貼僅得擇一領取。2.低收入戶及中低收入戶身心障礙者免予申請，依冊核發。,#屏東縣 #身心障礙者 #生活補助費 #低收入戶 ,
5,中低收入老人生活津貼,"1.未達最低生活費1.5倍，且未超過臺灣地區平均每人每月消費支出之1.5倍者，每月發給新臺幣7,759元。2.達最低生活費1.5倍以上，未達2.5倍，且未超過臺灣地區平均每人每月消費支出之1.5倍者，每月發給新臺幣3,879元。",各籍所在地鄉(鎮、市)公所,屏東縣社會處社會救助科08-7320415轉5332、5333,1.最近一年居住國內超過183日。 2.設籍且實際居住於屏東縣。 3.年滿65歲。 4. 未接受政府公費收容安置。 5. 未入獄服刑、因案羈押或依法拘禁。 6.符合中低收入老人生活津貼發給辦法收入、動產、不動產標準。,1.申請人身分證。2.申請人郵局存簿封面影本。3.其他相關證明文件。,1.本津貼補助對象為本縣經濟弱勢之老人，對老人負有扶養義務之親屬家人其名下收入及財產均須納入審核，申請後縣府及公所將向戶政、財政等機關查調相關資料。2.本津貼採每月撥款方式將津貼款項匯入申請人郵局帳戶。3.本津貼與老年農民福利津貼、國民年金部分給付僅能擇一領取，申請人若有疑義可洽詢縣府、公所或勞動部勞工保險局。,#屏東縣 #中低收戶入 #生活補助費,
6,屏東縣急難救助,"喪葬補助：5,000元；低收一款：10,000元，低收二款：9,000元，低收三款：8,000元。2.遭受意外傷害致生活陷困：2,000-5,000元。3.負家庭主要生計責任者，罹患重病，失業，失蹤，入營服役，入獄服刑或其他原因，無法工作致生活陷困：3,000-5,000元。",各籍所在地鄉(鎮、市)公所,屏東縣社會處社會救助科08-7320415轉5408,1. 實際居住於屏東縣。 2. 最近一年居住國內超過183日。 3. 戶內人口死亡無力殮葬、戶內人口遭受意外傷害或罹患重病，致生活陷於困境。 4. 負家庭主要生計責任者，失業、失蹤、應徵集召集入營服兵役或替代役現役、入獄服刑、因案羈押、依法拘禁或其他原因，無法工作致生活陷於困境、財產或存款帳戶因遭強制執行、凍結或其他原因未能及時運用，致生活陷於困境 5.已申請福利項目或保險給付，尚未核准期間生活陷於困境、其他因遭遇重大變故，致生活陷於困境，經直轄市、縣（市）主管機關評估，認定確有救助需要。,1.戶口名簿影本1份。2.申請者與案主親屬關係證明。3.死亡證明書(或除戶謄本)。4.重大傷病證明。5.最近三個月內醫療費自付額收據。6.失業、失蹤、入營服役、入獄等證明文件。7.喪葬費用收據。8.其他(診斷證明書)。9.低收入戶證明,無,#屏東縣 #中低收入戶 #急難救助 #喪葬救助 #失業者 #重大傷病,
7,國民年金保費減免,"1.每人每月收入未達當年度最低生活費1.5倍(110年度最低生活費為13,288元)，每月保險費由被保險人自付30％（521元）。2.每人每月收入達當年度最低生活費1.5倍且未達2倍者(110年度最低生活費為13,288元)，每月保險費由被保險人自付45％（782元）。",屏東縣國民年金業務各鄉鎮人員,屏東縣社會處社會救助科08-7320415轉5409,1.設籍屏東縣。2.年滿25歲、未滿65歲。 3.未參加軍、公教、勞、農、漁保。 4.未領取軍保退休給付或公教保養老給付或勞保老年給付。,1.申請表。2.申請人身分證正反面影本及印章。3.其他證明文件(如:學生證或在學證明、無法工作診斷證明書、重大傷病卡…等)。,1.本補助為申請制，自被保險人提出申請的當月開始補助，惟無法追溯補助之前的保險費。2.於本縣申請通過後，如戶籍遷移到其他縣市，請至當地公所重新提出申請，以延續補助資格。,#屏東縣 #勞工 #國民年金,
8,低收入戶住院看護補助,"每日補助費用500元，年度最高補助60,000元整。",各籍所在地鄉(鎮、市)公所,屏東縣社會處社會救助科08-7320415轉 533,1.最近一年居住國內超過183日。 2.設籍屏東縣。 3.屏東縣列冊之低收入戶，經證明住院期間需僱請看護照護。4. 符合衛生福利部中央健康保險署公告之全民健康保險特定疾病與住院要件，或因傷、病住院治療，經醫師認定有住院期間需僱請專人看護之必要。5. 補助對象入住隔離病房、加護病房、呼吸照護病房、呼吸照護中心期間，不予補助。,申請人應於看護行為結束日(僱請專人看護契約終止日)起三個月內(逾期不予補助)檢具以下文件提出申請：1、 申請書。2、 低收入戶證明書。3、 最近三個月醫院開具之診斷證明書正本（需載明入、出院日期），如有入住隔離病房、加護病房、呼吸照護病房、呼吸照護中心者，須註明入住時間。4、 看護費用收據正本（需敘明看護起始、結束時間、每日看護時數、看護員姓名與簽章）。5、 醫院之主治醫師、護理人員或社工人員出具之需僱請專人看護證明正本。但診斷證明書上敘明住院期間需僱請專人照護者，免附。6、 照顧服務員身分證影本及職前訓練結業證書（或丙級技術士證照、病房服務員轉銜訓練證明）影本。7、 申請人郵局存簿封面影本。,1、本府委託收容於安、教養機構符合資格之個案，得由該機構代為申請。但安置費需按日扣除，且同一期間看護行為不得重覆申請公費安置費、身心障礙者教養費及中低收入老人特別照顧津貼；已申請居家服務者，亦需扣除住院期間之服務時數。2、本補助以申請人具領為原則；申請人因故無法具領，應以委任書委由代理人具領，代領人得依親等近者為優先；無親屬者，得由村里幹事代為申請；申請人身故者依民法繼承權人辦理代領事宜，同順位繼承權人有二人以上，得由其繼承人出具共同委任切結書及原始戶籍謄本(內含父母、兄弟姐妹…等)，由受委任人申請具領；申請人因身故且無繼承人者，看護費用代墊人應檢附代墊證明(由看護員及醫院之主治醫師、護理人員或社工人員正式職章輔証)，且代墊人應出具切結書，始可補助。3、申請看護費用者應以實際發生看護行為及支付看護費用為要件，同居共同生活親屬或依法互負扶養義務人間之看護行為，不屬本補助範圍。4、立案之安養、教養、老人照護機構，其外籍監護工及現有員工屬專職人力，不得在外兼職，如查證看護人員為專職人員，不予補助。5、申請人如有虛偽不實之申請接受補助或重複申請者，停止補助並追回已領之補助款，涉及刑事責任者移送法辦。,#屏東縣 #醫療補助 #看護 #住院,
9,低收入戶醫療補助,"1.符合低收入戶第一款資格者(全家人口均無工作能力，且無收入及財產)，每人每年最高補助額度100,000元整。2.符合低收入戶第二款資格者(全家人口有工作能力者佔總人口數三分之一以下，且家庭總收入平均分配全家人口後，每人每月在最低生活費三分之二以下)，每人每年最高補助額度80,000元整。3.符合低收入戶第三款資格者(家庭總收入平均分配全家人口，每人每月超過最低生活費三分之二，且在最低生活費以下)，每人每年最高補助額度60,000元整。",各籍所在地鄉(鎮、市)公所,屏東縣社會處社會救助科08-7320415轉 5374,1.最近一年居住國內超過183日。 2.設籍屏東縣。 3.傷、病患者。,1.全民健康保險特約醫院診所之自費收據正本(收據含材料費、衛材費、其他費者，請檢附明細)。2.申請人身分證正反面影本。3.醫師診斷證明（有說明醫療收據項目為確有醫療必要）。4.申請人郵局存簿封面影本。,1.本規定之醫療補助為因疾病、傷害事故就醫所生全民健康保險之部分負擔醫療費用或健康保險給付未涵蓋之醫院費用。2.前項醫療費用不含義肢、義眼、義齒、配鏡、鑲牙、整容、整形、病人運輸、指定醫師、特別護士、指定藥品材料費、掛號費、疾病預防與非因疾病施行預防之手術或節育結紮，及住院期間之看護費、指定病房費。3.需於出院或就醫後三個月內，備齊相關文件向戶籍所在之鄉（鎮、市）公所辦理。,#屏東縣 #低收入戶 #醫療補助,
10,災害救助,"1、死亡救助：每人發給新臺幣200,000元。2、失蹤救助：每人發給200,000元。但該項救助金發放後，發現原失蹤人仍生存者，其家屬原受領之救助金應予繳回。3、重傷救助：每人發給100,000元。4、安遷救助：住屋損毀達不勘居住程度，戶內實際居住人口每人發給20,000元，以五口為限。5、住戶淹水救助：住戶淹水達五十公分以上者，核發救助金5,000元；達一百公分以上者，核發救助金10,000元。6、土石流住屋受災救助：住屋因土石流入侵達三十公分以上者，每戶發給救助金20,000元整。經核定應發給死亡救助及失蹤救助者，應於核發安遷救助時，於每戶人口數中扣除。",災害發生地鄉(鎮、市)公所社會課,屏東縣社會處社會救助科08-7320415轉5331,1.最近一年居住國內超過183日。 2.設籍屏東縣。 3.死亡救助：因災致死或因災致重傷而死亡者。 4.失蹤救助：因災行蹤不明並經戶籍註記有案者。5.重傷救助：因災致重傷；或未致重傷必須緊急救護住院治療，而自住院之日起15日內(住院期間)所生醫藥費用達10萬元者。 6.安遷救助：住屋毀損達不堪居住，並設籍且實際居住該住屋者。 7.淹水救助：住屋因水災淹水達50公分以上，且有居住事實之現住戶。 8.土石流住屋受災救助：住屋因土石流入侵達30公分以上，且有居住事實之現住戶。,1.戶口名簿影本1份。2.申請人郵局存簿封面影本。,應於災害發生後依申請項目檢附相關資料，向災害生地鄉(鎮、市)公所提出申請，自災害發生後三十日內未提出申請者，不予受理。,#屏東縣 #急難救助 #傷害死亡補助,
11,川資救助,乘車換票證乙紙,屏東縣政府社會處、屏東火車站警察局,屏東縣社會處社會救助科08-7320415轉5408,他縣市流落屏東縣缺乏川資返鄉者,1.申請表(本府提供)  2.戶籍證明文件(國民身分證、戶口名簿影本1份、駕照、行車執照)。,無,#屏東縣 #急難救助 #交通,
12,聯合助學,"1.低收入戶資格：註冊費、制服費、材料費、交通費(搭乘校車、大眾交通工具者，不含自行騎/開車油資)本府補助80%；租屋及住宿費每月補助3,000元，每學期最高補助13,500元；補習費高中職每科每月最高補助500元，大學每科每月700元。2.中低收入戶資格及弱勢家戶：註冊費、制服費、材料費、交通費(搭乘校車、大眾交通工具者，不含自行騎/開車油資)本府最高補助70%；租屋及住宿費每月補助3,000元，每學期最高補助13,500元；補習費高中職每科每月最高補助500元，大學每科每月700元。3.實際補助金額得依照當年度公佈之審核原則辦理。",社團法人屏東縣慈善團體聯合協會助學組,屏東縣社會處社會救助科08-7320415轉5411,1.最近一年居住國內超過183日。  2.設籍屏東縣。 3. 就讀高中職以上學生。 4. 符合下列任一條件：(1) 屏東縣政府列冊低收入戶、中低收入戶。(2) 雙親有一位以上為身心障礙者。(3) 弱勢家戶（含單親、隔代教養、高風險家庭(脆弱家庭及危機家庭)或遭遇急難事由家庭經社工員評估）。,1.屏東縣聯合助學脫貧自立方案助學金申請表。2.全家人口戶籍謄本(附記事)  。3.申請項目繳費單據影本。4.相關證明文件影本（如：低收、中低收證明、身心障礙證明、重大傷病卡、醫院診斷證明書等）。5.當年度的志工服務時數證明 (第二次以上申請者需檢附)。6.當年度的教育課程時數證明 (第二次以上申請者需檢附)。7.當年度的學期成績單 (第二次以上申請者需檢附)。,1.繳交方式：紙本－申請表1份，其他附件影本2份郵寄至本會，地址：90057屏東市華正路97號 屏慈聯助學組收。2.加入聯合助學方案者每年教育課程及志願服務須達規定時數；若未達規定時數將影響未來的補助比例，最重者將停止補助之申請。3.依申請人所提供之相關文件審核評定，同時保留申請核准之權利，且無論補助與否，申請文件概不退還，敬請見諒。1.,#低收入戶 #中低收入戶 #身心障礙者 #弱勢家戶 #單親家庭 #高風險家庭 #屏東縣,
13,中低收入戶婦女生育補助,"每次補助3,000元",各籍所在地鄉(鎮、市)公所,屏東縣社會處社會救助科08-7320415轉 5339,1.最近一年居住國內超過183日。  2.設籍屏東縣。3 .屏東縣列冊中低收入戶之婦女，以胎兒非死產者始得申請。,1.申請表。2.合格醫療院所開具之嬰兒出生證明。3.嬰兒入籍本縣之戶口名簿影本。4.領款收據。5.申請人郵局存簿封面影本。,1.於生產後二個月內得申請生育補助，以胎兒非死產者始得申請。 2.低收入戶或中低收入戶證明文件，由受理之鄉(鎮、市)公所依職權查調並檢附。,#中低收入戶 #婦女 #生育 #孕婦 #屏東縣,
14,中低收入戶醫療補助,"1.凡符合中低收入戶因患嚴重傷、病，所需醫療費用者，補助百分之八十，但每人每年最高補助新臺幣50,000元。2.凡符合非屬低收入戶及中低收入戶因患嚴重傷、病，所需醫療費用者，補助百分之七十，但每人每年最高補助新臺幣50,000元。",各籍所在地鄉(鎮、市)公所,屏東縣社會處社會救助科08-7320415轉 5374,1.最近一年居住國內超過183日。  2.設籍屏東縣。 3.中低收入戶因患嚴重傷、病，所需醫療費用非其本人或扶養義務人所能負擔者。 4.非屬低收入戶及中低收入戶，患嚴重傷、病，家庭總收入平均未達當年度每人每月最低生活費標準一點五倍，所需醫療費用非其本人或扶養義務人所能負擔者。※備註：(1)依前項第1點規定申請補助者，以最近三個月所生醫療費用累計達新臺幣三萬元以上者為限。(2)依前項第2點規定申請補助者，以最近三個月所生醫療費用累計達新臺幣五萬元以上者為限。,1.全民健康保險特約醫院診所之自費收據正本(收據含材料費、衛材費、其他費者，請檢附明細)。2.申請人身分證正反面影本。3.全戶財產證明。4.稅賦證明。5.醫師診斷證明（有說明醫療收據項目為確有醫療必要）。6.申請人郵局存簿封面影本。,1.本規定之醫療補助為因疾病、傷害事故就醫所生全民健康保險之部分負擔醫療費用或健康保險給付未涵蓋之醫院費用。2.前項醫療費用不含義肢、義眼、義齒、配鏡、鑲牙、整容、整形、病人運輸、指定醫師、特別護士、指定藥品材料費、掛號費、疾病預防與非因疾病施行預防之手術或節育結紮，及住院期間之看護費、指定病房費。3.需於出院或就醫後三個月內，備齊相關文件向戶籍所在之鄉（鎮、市）公所辦理。,#屏東縣 #中低收入戶 #醫療補助,
15,低收及中低收就業交通補助,1.以屏東客運計價方式來回計算，每月補助上限為22天。2.公里數計算:依據屏東汽車客運股份有限公司線上公布最新票價計費，自工作地點至實際居住地點。3.補助期間自就業日起至離職日止，交通費按實際上班日補助。4.就業滿3個月即可於3個月內提出申請(自就業日起算，如符合規定需於6個月內提出申請，若就業如有中斷，得自重新再就業後，並於同一僱主就業滿3個月，3個月內再向戶籍所在鄉鎮市公所提出申請，並追溯自就業第一個月起核發補助。5.爾後持續申請時，申請人應於每月5號前申請上個月之就業交通補助，並填具申請書、檢附下列表件，逕向戶籍所在地鄉(鎮、市)公所辦理，逾期不予補助，其受理鄉鎮鎮、市公所應於受理後5日內函送本府辦理。,各籍所在地鄉(鎮、市)公所,屏東縣社會處社會救助科08-7320415轉 5412,1.最近一年居住國內超過183日。  2.設籍屏東縣。3.經本府提供就業機會或轉介至就業服務單位後，經推介成功或自行就業之低收入戶或中低收入戶，並於同一僱主就業達3個月以上者。 3.依google地圖查明實際住居所至工作場所一公里以上。,1.領據及存摺封面影本(含局號、帳號、戶名，且須清楚可辨識)。2.在職工作證明書、勞保投保證明。3.本府轉介至就業服務站公文。,1.初次申請須填具申請書，經審核後每月核銷需檢附資料。2.初次申請符合後，爾後如無轉換雇主請每月檢附相關規定證明文件提出申請。3.低收入戶及中低收入戶就業交通補助由本府按月逕撥入申請人帳戶，申請人帳戶被列為警示帳戶或遭強制執行帳戶，應以委任書由代理人具領，代理人得以親等進者為優先，但須檢附相關證明文件與切結書，並由鄉(鎮、市)公所函報本府核准。4.應以google地圖查明實際居住地距離工作場所通勤申請交通費。5.交通費應由申請人或代理人向其戶籍所在地公所提出申請(含切結)，並經本府查核後，依補助標準於次月發給給。如經查有虛報或溢領、規避、妨礙、拒絕本府或鄉鎮市公所查核等情事，應予停止補助並追回已領之補助款，涉及刑事責任者移送法辦。,#屏東縣 #低收入戶 #中低收入戶 #交通,
16,中低收入戶南山人壽集體投保微型傷害保險,1年期微型傷害保險,各籍所在地鄉(鎮、市)公所,屏東縣社會處社會救助科08-7320415轉 5412,1.最近一年居住國內超過183日。  2.設籍屏東縣。3.屏東縣縣列冊中低收入戶年滿15歲以上至75歲之弱勢民眾。,1.南山人壽集體投保型微型傷害保險要保人(被保險人)告知事項、聲明事項及名冊。2.南山人壽保險股份有限公司病歷、醫療及健康檢查等個人資料蒐集、處理及利用同意書。,1.若之前已投保微型傷害保險金額達50萬者，則不再重複投保。2.之前未投保微型傷害保險或投保金額低於本專案者，可補足其差額，實際納保對象及可投保金額，以保險公司核定為準。,#屏東縣 #中低收入戶 #保險補助 ,
18,南山人壽團體微型傷害保險,"南山人壽團體微型傷害保險（意外身故保險金或喪葬費用保險金、意外失能保險金）1年期，保險額度最高300,000元整。",社會處社會救助科、社會處身心障礙者福利科,屏東縣社會處社會救助科08-7320415轉 5412 或 轉 5380,1.最近一年居住國內超過183日。  2.設籍屏東縣。 3.本縣領有中度或輕度身心障礙證明年滿15歲以上至60歲之民眾。,無,1.依法令規定，累計投保微型保險之保險金額總和（不限南山人壽）不得超過新臺幣50萬元，南山人壽保險股份有限公司將依投保內容及其他相關資訊進行核保審查，並保留最終承保與否之決定權；如被保險人向南山人壽保險股份有限公司或二家以上保險公司投保，致保險金額超過前述限額者，南山人壽保險股份有限公司仍依條款約定給付保險金。2.本保險保費全額由南山人壽慈善基金會繳付，如對投保本保險有疑義，洽本府1999便民服務專線、社會處辦理本保險之窗口(電話08-7320415分機5412鄧小姐、分機5379黃先生)及本府派駐各鄉(鎮、市)之國民年金服務員。,#身心障礙者 #屏東縣 #保險補助,
19,低收入戶及中低收入戶2代子女課後輔導及交通補助實施計畫,"每人每月補助課輔費1,000元/交通費1,000元整，最高補助6個月。",各籍所在地鄉(鎮、市)公所,屏東縣社會處社會救助科08-7320415轉 5337,1. 最近一年居住國內超過183日 2.凡經本府協助轉介就業之低收入戶或中低收入戶，戶內子女接受課後輔導(立案機構或立案安親業者)和搭乘安親班車輛(立案機構或立案安親業者)者。,1.身分證影本。2.低收入戶證明或中低收入戶證明。3.全戶戶口名簿。4.課後輔導費/交通費收據。5.受補助人郵局存摺封面影本。6.在職工作證明。7.轉介就業公文。8.其它證明文件。,若於進入職場前，子女已接受課後輔導(立案機構或安親業者)和搭乘安親班車輛(立案機構或安親業,#低收入戶 #屏東縣 #教育 #交通 ,
20,老人長期照顧服務,低收入戶於核定範圍內免部分負擔；中低收入於核定範圍內補助百分之九十；一般戶於核定範圍內補助百分之七十。,長期照護管理中心 08-7351010,長期照護管理中心 08-7351010,1. 最近一年居住國內超過183日  2.設籍並實際居住本縣 3.經長期照護管理中心評估為中、重度失能者(3項以上ADL失能)，且需符合下列三款之一：一、65歲以上老人。二、55歲以上山地原住民。三、50歲以上身心障礙者。,無,無,#原住民 #屏東縣 #長期照顧,
21,老人公費安置,安排合適機構入住，無須負擔照護費用。,各籍所在地鄉(鎮、市)公所社會課,屏東縣社會處長青科08-7320415 轉 5389 或 戶籍所在地鄉(鎮、市)公所社會課。,1.最近一年居住國內超過183日  2.經本府長期照護管理中心評估為重度失能，需專人長期照顧者。,1. 申請書。2. 低收入戶或中低收入戶證明。3. 申請人印章及身分證正反面影本。4. 代理人身分證。,1. 長者經公費安置後，原本府所發給之相關社會救助津貼、老農津貼、或國民年金保障年金等生活補助停發。2. 公費安置後，若福利身分別有異動，應主動告知，以重新核定收容資格。,#屏東縣 #低收入戶 #長期照顧,
22,老人乘車敬老卡申請,1.敬老卡製卡費：初次申辦免費；二次申請需100元，另加15元郵局劃撥手續費。 2.車資補助：有低收入戶、中低收入戶及中低收入老人生活津貼資格老人，每月500元車資；一般老人每月330元。,各籍所在地鄉(鎮、市)公所,屏東縣社會處長青科08-7320415轉 5397  或 戶籍所在地鄉(鎮、市)公所,無,1.身分證正本及正反面影本各一份。2.二吋半身彩色照片2張。3.印章(或本人親自簽名)。4.如由委託人辦理，委託人應備身分證正本及正反面影本各一份。,無,#屏東縣 #交通,
23,中低收入老人住宅修繕補助,"1.每戶每年最高補助新臺幣40,000元，未達40,000元者依其實際修繕費用金額補助。2.修繕項目：(1)屋頂(瓦)防水、排水。(2)室內給水、排水等設施。(3)地面(磚)、樓梯之修補。(4)衛浴、廚房設備之修補汰換。(5)防滑措施。(6)住宅必須性之居住安全設施設備修繕。(7)無障礙設施設備。",各籍所在地鄉(鎮、市)公所,屏東縣社會處長青科08-7320415轉 5362,1. 最近一年居住國內超過183日 2.實際居住本縣，並為中低收入戶內老人或符合中低收入老人生活津貼資格者。,1.申請書。2.申請修繕住屋之房屋建築物所有權狀影本或實施建築管理前建造之建物無使用執照者，得依土地登記規則相關規定足資證明之文件。3.申請修繕項目之施工前照片。4.修繕工程估價單。5.委託他人辦理者，應填具委託書及受委託人身分證影本。6.房屋非申請人所有者，應附房屋所有權人修繕同意書及租賃或借用契約影本。,"1.每戶每年最高補助新臺幣40,000元，未達40,000元者依其實際修繕費用金額補助。已核准補助者，3年內不得再申請補助。2.已接受政府相關住宅設施設備修繕補助者，就該補助項目之使用年限內，不得重複申請。",#屏東縣 #中低收入戶 #住宅修繕,
24,中低收入老人特別照顧津貼,同一受照顧者受數人照顧時，以照顧者一人請領本津貼為限。同一照顧者照顧數人時亦同，每月發給照顧者本津貼5000元。,,屏東縣社會處社會長青科08-7320415轉 ,照顧者應符合下列規定：1.領有中低收入老人生活津貼。2.未接受機構收容安置、居家服務、未僱用看護(傭)且未領有政府提供之日間照顧補助或其他照顧服務補助。3.失能程度經衛生主管機關指定身心障礙者鑑定醫療機構或本府委託之評估單位(人員)作日常生活活動功能量表評估為重度以上，且實際由家人照顧。4.實際居住於戶籍所在地183。照顧者應符合下列規定：1.年滿16歲，未滿65歲，且無社會救助法第5條之3第1款至第3款、第6款及第7款規定之情事。2.屬下列情形之一者：(1)同為領取中低收入老人生活津貼應計算家庭總收入全家人口之成員。(2)出嫁之女兒或子或他人贅夫者及其配偶。(3)受照顧者二親等以內之直系血親卑親屬。(4)未從事全時工作，且實際負責照顧受照顧者。(5)與受照顧者設籍及實際居住於本縣。,1.屏東縣中低收入老人特別照顧津貼申請調查表。2.照顧者及受照顧者之國民身分證正、背面影本。3.照顧者和受照顧者最近三個月內戶籍謄本。4.照顧者郵局存簿封面影本。5.受照顧者失能程度經日常生活活動功能量表評估為重度以上之證明。6.照顧者之財產所得資料。7.其他必要之相關文件。,領取本津貼者，其受照顧者不得重複申請居家服務、中低收入老人重病住院看護補助及政府提供之其他照顧服務補助。,#屏東縣 #中低收入戶 #長期照顧,
25,中低收入老人醫療補助,"1.符合一點五倍者補助70%，每人每年最高補助新臺幣50,000元。2.符合二點五倍者補助60%，每人每年最高補助新臺幣30,000元。",戶籍所在地鄉(鎮、市)公所社會課,屏東縣社會處長青科 08-7320415 轉 5367 或 戶籍所在地鄉(鎮、市)公所社會課,1. 最近一年居住國內超過183日 2. 以最近三個月因疾病、傷害事故就醫所生全民健康保險之部分負擔醫療費用或健康保險給付未涵蓋之醫院費用。3. 符合一點五倍者須累計達新台幣三萬元以上者為限。4. 符合二點五倍者須累計達新台幣五萬元以上者為限。,1. 申請書。2. 中低收入老人生活津貼證明。3. 全民健康保險特約醫院診所之自付費用收據正本(3個月內)及醫生診斷確有醫療必要之證明文件。4. 申請人郵局存簿封面影本。5. 調閱醫療紀錄授權同意書。6. 領據。,醫療費用不含義肢、義眼、義齒、配鏡、鑲牙、整容、整形、病人運輸、指定醫師、特別護士、指定藥品材料費、掛號費、疾病預防與非因疾病而施行預防之手術或節育結紮，及住院期間之看護費、指定病房費。,#屏東縣 #中低收入戶 #醫療補助,
26,中低收入老人看護費補助,"每人每日最高補助新臺幣750元，每一年最高補助新臺幣30,000元。",戶籍所在地鄉(鎮、市)公所社會課,屏東縣社會處長青處08-7320415 轉 5367 或 戶籍所在地鄉(鎮、市)公所社會課,1. 最近一年居住國內超過183日 2.罹患嚴重傷病住院治療，經證明需僱請專人看護，每月自行負擔看護費用累計超過新台幣3萬元或最近三個月累計超過5萬元以上者。3. 補助對象入住隔離病房、加護病房、呼吸照護病房、呼吸照護中心期間，不予補助。,申請人應於看護行為結束日(僱請專人看護契約終止日)起三個月內(逾期不予補助)檢具以下文件提出申請：1. 申請書。2. 中低收入老人生活津貼證明。3. 最近三個月醫院開具之診斷證明書正本。4. 看護費用收據正本。5. 醫院之主治醫師、護理人員或社工人員出具之需僱請專人看護證明正本；但診斷證明書上敘明住院期間需僱請專人照護者，免附。6. 照顧服務員身分證影本及職前訓練結業證書（或丙級技術士證照、病房服務員轉銜訓練證明）影本。7. 申請人郵局存簿封面影本。,1. 申請看護費用者應以實際發生看護行為及支付看護費用為要件，同居共同生活親屬或依法互負扶養義務人間之看護行為，不屬本要點補助範圍。2. 本補助不得與中低收入老人特別照顧津貼重複領取。,#屏東縣 #低收入戶 #看護,
27,緊急救援通報系統,免費安裝緊急救援通報系統,財團法人屏東基督教醫院  社區醫學部 老人健康中心 08-7384033,屏東縣社會處長青科 08-7320415 轉5362 或 財團法人屏東基督教醫院  社區醫學部 老人健康中心 08-7384033,1. 設籍本縣，符合列冊低收入戶、中低收入戶及領有中低老人生津貼之獨居老人免費。2. 未滿65歲設籍且實際居住本縣，列冊低收入戶、中低收入戶或領有身心障礙者生活補助者之獨居者免費。3.不具上列資格但有需求者，每月1400(需搭配室內電話)。,福利資格證明文件、身份證、將由專責社工進行評估。,緊急救援通報系統：此服務為居家型通報系統，需有家用電話才能提供，若離開家裡是無法使用的喔！,#屏東縣 #低收入戶 #中低收入戶 #身心障礙者,
29,愛心手環,免費愛心手環,財團法人屏東基督教醫院  社區醫學部 老人健康中心 08-7384034,屏東縣社會處長青科 08-7320415 轉 5362 或 財團法人屏東基督教醫院  社區醫學部 老人健康中心 08-7384034,1.最近一年居住國內超過183日。  2.設籍屏東縣。  3.智能障礙及精神病患者。,1.福利資格證明文件（「疑似」失智情形者申請時請附上醫師診斷證明書） 2.身份證,將由專責社工進行評估,#屏東縣 #身心障礙者 #智能障礙 #精神病患者,
30,單親母子家園住屋服務,1.申請人經審核通過後，提供免費住屋服務。2.申請人每戶押金5000元，入住期間水電費由申請人自行負擔，押金於完成離園手續後歸還。,單親母子家園 08-7210516,單親母子家園 08-7210516 或 社會處婦幼科 08-7320415 轉 5324,1.最近一年居住國內超過183日。  2.設籍屏東縣。  3.遭遇離婚、喪偶、非婚生子未經生父認領、夫服刑一年以上或失蹤半年以上或其他家庭變故等因素且獨力照顧共同生活之十八歲以下未婚子女之婦女，及新移民與屏東縣民辦理結婚並已向戶政機關辦理登記，於尚未取得本國國籍前，經縣府評估確有居住需求者。4.符合第3點資格，且申請人及其子女均無自用住宅，並願意接受家園輔導與團體生活者。,經家園訪視評估確有入住需求與資格者，需檢附以下申請表件向家園提出申請： 1.入住申請表。 2.國稅局開立之最新年度全家各類所得資料清單及財產歸屬資料清單。 3.最近三個月內全戶戶籍謄本。 4.申請人及其子女最近三個月內公私立區域級以上醫院出具之健康檢查證明（含胸部X光檢查及血液檢驗等項目）。 5.其他相關證明文件。,入住期間最長為一年，如申請人有延長入住之需求且符合屏東縣單親母子家園管理辦法，應於屆滿一個月前檢具延住申請表向家園提出續約，續約以一次為限，其期間最長不得超過一年。,#屏東縣 #婦女 #單親家庭 #居住正義,
31,特殊境遇家庭緊急生活扶助,每人每月補助最低生活費，最高補助3個月。,戶籍地之鄉（鎮、市）公所社會課,屏東縣社會處婦幼科 08-7320415 轉 5324,1.最近一年居住國內超過183日。  2.設籍屏東縣。  3.全家總收入平均每人每月未超過政府當年公佈最低生活費2.5倍且家庭財產未超過中央主管機關公告之一定金額，並有下列情形之一者：（一）六十五歲以下，其配偶死亡，或失蹤經向警察機關報案協尋未獲達六個月以上。（二）因配偶惡意遺棄或受配偶不堪同居之虐待，經判決離婚確定或已完成協議離婚登記。（三）家庭暴力受害。（四）未婚懷孕婦女，懷胎三個月以上至分娩二個月內。（五）因離婚、喪偶、未婚生子獨自扶養十八歲以下子女或獨自扶養十八歲以下父母無力扶養之孫子女，其無工作能力，或雖有工作能力，因遭遇重大傷病或照顧六歲以下子女致不能工作。（六）配偶處一年以上之徒刑或受拘束人身自由之保安處分一年以上，且在執行中。（七）其他經直轄市、縣市政府評估因三個月內生活發生重大變故導致生活、經濟困難者，且其重大變故非因個人責任、債務、非因自願性失業等事由。,1.申請人郵局存簿封面影本。2.其他相關證明文件：(1)診斷證明。(2)勞保加退保證明。(3)保護令影本。(4)死亡證明。(5)離婚判決確定書。(6)重大傷病卡證明。(7)在監執行證明書。(8)身心障礙證明影本。,1.同一個案同一事由以補助一次為限。 2.已領其他項目生活補助費者，補助金額低於本項，得申請補助差額。 3.應於「事實發生六個月內」提出申請，逾期不受理。,#屏東縣 #單親家庭 #生活補助費 #高風險家庭,
32,特殊境遇家庭子女生活津貼,本津貼每月補助最低基本工資的十分之一,戶籍地之鄉（鎮、市）公所社會課,屏東縣社會處婦幼科 08-7320415 轉 5325,1.最近一年居住國內超過183日。 2.設籍屏東縣。  3.其配偶死亡，或失蹤經向警察機關報案協尋未獲達六個月以上。 4.因配偶惡意遺棄或受配偶不堪同居之虐待，經判決離婚確定或已完成協議離婚登記。5.家庭暴力受害。 6. 因離婚、喪偶、未婚生子獨自扶養十八歲以下子女或獨自扶養十八歲以下父母無力扶養之孫子女，其無工作能力，或雖有工作能力，因遭遇重大傷病或照顧六歲以下子女致不能工作。 7. 配偶處一年以上之徒刑或受拘束人身自由之保安處分一年以上，且在執行中。,1.申請表。 2.、受補助者（子女）郵局存簿封面影本。 3.、其他相關證明文件（如：死亡證明、警察受處理查尋人口案件登記表之收執聯、離婚判決確定書、保護令、身心障礙證明、在學證明、最近三個月內醫院開立診斷證明書正本、在監執行證明書、保安處分處所執行證明書等）。,一、本津貼補助予符合申請資格者之「未滿15歲之子女或孫子女」。 二、申請程序：  1.  申請人應至戶籍地鄉鎮市公所申辦。  2.  由鄉鎮市公所受理經初審符合資格後，送屏東縣政府社會處進行複審。,#屏東縣 #生活補助費  #高風險家庭#高風險家庭,
33,特殊境遇家庭傷病醫療補助,"1. 申請人及6歲~未滿18歲之子女或孫子女：3個月內自付醫療費用超過新台幣30,000元部分，最高補助70%，每人每年最高補助新台幣120,000元。2. 0~未滿6歲之子女或孫子女：凡在健保特約之醫療院所接受門診、急診及住院診治者，依全民健康保險法第三十三條及第三十五條之規定應自行負擔之費用，每人每年最高補助新臺幣120,000元。",戶籍地之鄉（鎮、市）公所社會課,屏東縣社會處婦幼科 08-7320415 轉 5326,1.最近一年居住國內超過183日。  2.設籍屏東縣。  3.全家總收入平均每人每月未超過政府當年公佈最低生活費2.5倍且家庭財產未超過中央主管機關公告之一定金額，並有下列情形之 一者：一、其配偶死亡，或失蹤經向警察機關報案協尋未獲達六個月以上。二、因配偶惡意遺棄或受配偶不堪同居之虐待，經判決離婚確定或已完成協議離婚登記。三、 家庭暴力受害。四、未婚懷孕婦女，懷胎三個月以上至分娩二個月內。 五、因離婚、喪偶、未婚生子獨自扶養十八歲以下子女或獨自扶養十八歲以下父母無力扶養之孫子女，其無工作能力，或雖有工作能力，因遭遇重大傷病或照顧六歲以下子女致不能工作。 六、配偶處一年以上之徒刑或受拘束人身自由之保安處分一年以上，且在執行中。七、其他經直轄市、縣市政府評估因三個月內生活發生重大變故導致生活、經濟困難者，且其重大變故非因個人責任、債務、非因自願性失業等事由。,1.申請人郵局存簿封面影本。2.健保卡正反面影本。3.醫療費用收據正本。4.其他相關證明文件：(1)診斷證明。(2)勞保加退保證明。(3)通常保護令影本。(4)死亡證明。(5)離婚判決書及確定書證明。(6)重大傷病卡。(7)在監證明。(8)身心障礙證明影本。,1. 應於「傷病發生三個月內」提出申請，逾期不受理。2. 補助項目及不予補助項目如下：(1)補助項目：於全民健康保險特約醫療院所就醫者，其參加全民健康保險自行負擔之醫療費用。(2)不予補助項目：義肢、義眼、義齒、配鏡、鑲牙、整容、病人運輸、指定醫師、特別護士、指定藥品材料費、掛號費、疾病預防、及非因疾病而施行預防之手術、節育結紮、住院期間之看護費、指定病房費及其他與醫療無直接相關之項目。,#屏東縣  #高風險家庭 #醫療補助#高風險家庭,
34,特殊境遇家庭兒童托育津貼,進入私立托教機構時，每人每月得申請1500元，最多補助6個月。,戶籍地之鄉（鎮、市）公所社會課,屏東縣社會處婦幼科 08-7320415 轉 5327,1.最近一年居住國內超過183日。  2.設籍屏東縣。  3.全家總收入平均每人每月未超過政府當年公佈最低生活費2.5倍且家庭財產未超過中央主管機關公告之一定金額，並有下列情形之一者：（一）六十五歲以下，其配偶死亡，或失蹤經向警察機關報案協尋未獲達六個月以上。（二）因配偶惡意遺棄或受配偶不堪同居之虐待，經判決離婚確定或已完成協議離婚登記。（三）家庭暴力受害。. 因離婚、喪偶、未婚生子獨自扶養十八歲以下子女或獨自扶養十八歲以下父母無力扶養之孫子女，其無工作能力，或雖有工作能力，因遭遇重大傷病或照顧六歲以下子女致不能工作。（四）配偶處一年以上之徒刑或受拘束人身自由之保安處分一年以上，且在執行中。（五）扶助對象：0~未滿6歲之子女或孫子女。,1.申請人郵局存簿封面影本。2.托教機構收據正本。3.其他相關證明文件：(1)診斷證明 。(2)勞保加退保證明 。(3)保護令影本 。(4)死亡證明 。(5)離婚判決確定書。(6)重大傷病卡證明。(7)在監執行證明書。(8)身心障礙證明影本。,1.應於「事實發生六個月內」提出申請，逾期不受理。 2.優先獲准進入公立托教機構。,#屏東縣  #高風險家庭 #托育 #單親家庭,
35,特殊境遇家庭法律訴訟補助,"以實際支付之金額為補助金額，最高補助金額以新臺幣50,000元為限。",戶籍所在地鄉(鎮、市)公所社會課,屏東縣社會處婦幼科 08-7320415 轉 5328,1.最近一年居住國內超過183日。  2.設籍屏東縣。  3.全家總收入平均每人每月未超過政府當年公佈最低生活費2.5倍且家庭財產未超過中央主管機關公告之一定金額，並為家庭暴力受害者。,1.申請人郵局存簿封面影本。 2.律師費用收據正本。 3.起訴狀或判決文影本 。4.委任狀影本 。5.保護令影本。,1.應於「事實發生三個月內」提出申請，逾期不受理。2.同一案件不得重覆請領家暴被害人法律訴訟補助。3.補助項目僅民事、刑事及刑事附帶民事訴訟委任律師費用及撰狀費用。但聲請保護令、律師諮詢費用、法院訴訟及裁判費用不予補助。,#屏東縣 #法律訴訟 #高風險家庭,
36,弱勢兒童及少年生活扶助,每人每月1969元，發放至受補助者滿18歲（每年須接受總清查作業，如喪失申請資格，則停發補助）,戶籍地之鄉（鎮、市）公所,屏東縣社會處婦幼科 08-7320415 轉 5325,1.最近一年居住國內超過183日  2.實際居住本縣之未滿十八歲，未曾接受政府公費安置或領取政府其他相同性質補助，且符合以下資格者： 一、遭遇困境之中低收入戶內兒童、少年。 二、因懷孕或生育而遭遇困境之兒童、少年及其子女。 三、其他經縣（市）主管機關評估無力撫育及無扶養義務人或撫養義務人無力維持其生活之兒童及少年。,1.申請表。 2.申請人之身分證、印章。 3.中低收入戶證明文件（由受理之鄉（鎮、市）公所依職權查調並檢附）。 4.兒童及少年之郵局存簿封面影本。 5.其他經本府指定之證明文件。,申請人應設籍本縣並檢具應備書表，逕向戶籍地之鄉（鎮、市）公所辦理申請。,#屏東縣 #生活補助費 #中低收入戶 #生育,
37,弱勢兒童及少年醫療補助,"1.補助全民健康保險應自行負擔之住院費用及住院期間之看護費用，合計每年最高補助新臺幣300,000元。住院費用以因疾病、傷害事故就醫所生全民健康保險之應自行負擔之住院費用為限。本補助費用不含義肢、義眼、義齒、配鏡、鑲牙、整容、整形、病人運輸、指定醫師、特別護士、指定藥品材料費、掛號費、疾病預防與非因疾病而施行預防之手術或節育結紮及指定病房費。二、未婚懷孕生產、流產醫療費用。但以特殊境遇家庭扶助條例未規定補助之費用為限。三、為確認身分所作之親子血緣鑑定費用。四、全民健康保險未涵蓋之發展遲緩兒童評估費及療育訓練費：未滿六歲或已滿六歲，未達到就學年齡，或經評鑑可暫緩入學者，每人每次最高補助新臺幣500元，每月最多八次為限。五、經醫師鑑定，因早產及其併發症所衍生之醫療、住院費用，每年最高補助新臺幣300,000元為限。六、無全民健康保險投保資格個案之醫療費用。但以全民健康保險有給付項目，且由就醫者自行負擔之費用為限，每年最高補助新臺幣300,000元為限。七、其他經評估有補助必要之項目，每年最高補助新臺幣300,000元為限。",戶籍地之鄉（鎮、市）公所社會課,屏東縣社會處婦幼科 08-7320415 轉 5325,1.最近一年居住國內超過183日 2.低收入戶及中低收入戶內兒童及少年 3.領有弱勢家庭兒童及少年緊急生活扶助者。 4.依兒童及少年保護通報及處理辦法保護之兒童及少年。5.安置於公私立兒童及少年安置及教養機構或寄養家庭之兒童及少年。 6.特殊境遇家庭扶助條例第九條規定，未滿六歲之兒童。 7.發展遲緩兒童。 8.早產兒。9.因懷孕或生育而遭遇困境之兒童、少年及其子女。 10.符合行政院衛生署公告之罕見疾病或領有全民健康保險重大傷病證明之兒童及少年。 11.其他經縣（市）主管機關評估有補助必要之兒童及少年。,1.申請表。2.戶口名簿影本1份。3.醫療或療育收據正本。4.健保卡影本。5.申請人銀行或郵局存簿封面影本 。6.身分認定證明 。7.最近一年度全戶綜合所得稅各類所得清單 。8.其他相關證明文件。,申請人應設籍本縣並檢具應備書表，逕向戶籍地之鄉（鎮、市）公所辦理申請。,#屏東縣 #醫療補助 #看護 #住院 #罕見疾病 #弱勢家戶 #生育,
38,弱勢家庭兒童及少年緊急生活扶助,每人每月3000元，最多補助6個月（得延長申請1次）,戶籍地之鄉（鎮、市）公所社會課,屏東縣社會處婦幼科 08-7320415 轉 5326,1.最近一年居住國內超過183日　2.符合下列各款規定者： (一)未滿18歲之兒童及少年。 (二)設籍本縣6個月以上或實際居住本縣超過6個月之無戶(國)籍人口。兒童及少年實際居住而無戶(國)籍者，請檢附警察機關或村（里）長出具之證明。 (三)未接受公費收容安置。(四)兒童及少年其家庭有下列情形之一： 1.父母一方或監護人失業、經判刑確定入獄、罹患重大傷病、精神疾病或藥酒癮戒治，致生活陷於困境。2.父母離婚或一方死亡、失蹤，他方無力維持家庭生活。 3.父母一方因不堪家庭暴力或有其他因素出走，致生活陷於困境。4.父母雙亡或兒童及少年遭遺棄，其親屬願代為撫養，而無經濟能力。5.未滿十八歲未婚懷孕或有未滿十八歲之非婚生子女，經評估有經濟困難。6.其他經評估確有生活困難，需予經濟扶助。(五)  兒童及少年之家庭經濟狀況應符合下列規定： 1.家庭總收入平均未達當年度每人每月最低生活費一點五倍。2.全家人口動產（含股票、投資、存款等）平均每人低於新臺幣15萬元。 3.全家人口不動產（含土地、房屋等）總值低於新臺幣650萬元。,1.申請人身分證（申請人為兒少無身分證免附）、印章 。2.申請表及切結書。 3.兒童或少年之學生證正反面影本（無則免）。 4.兒童及少年郵局存簿封面影本。 5.足資證明有屏東縣辦理弱勢家庭兒童及少年緊急生活扶助補助及核發作業規定第2點第4款情形之一之相關文件。,1.符合規定者，父母、監護人、實際照顧兒童及少年之人或本人（以下簡稱申請人）得申請兒童及少年緊急生活扶助。 2.申請程序：申請人檢具應備書表，逕向戶籍地之鄉（鎮、市）公所辦理申請。,#屏東縣 #弱勢家戶 #生活補助費 #單親家庭,
39,未婚媽媽新生兒營養補助,按當年度低收入戶每人每月最低生活費用核發。,戶籍地之鄉（鎮、市）公所社會課,屏東縣社會處婦幼科 08-7320415 轉 5327,1.最近一年居住國內超過183日。  2.設籍屏東縣。 3.未滿二十歲。 4.未婚懷孕生子且未經生父認領者。,1.申請表。2.新生兒入籍後之戶籍謄本。3.新生兒出生證明。4.申請人郵局存簿封面影本。5.其他證明文件。,1.應於事實發生三個月內提出申請，逾期不受理。 2.同一個案以補助一次為限。 3.每人每次以補助三個月為原則。,#屏東縣 #單親家庭 #托育 #生育 #生活補助費 #婦女 #孕婦,
40,發展遲緩兒童早期療育費用補助,"1.低收入戶者：每人每月最高補助5,000 元整；交通費每次補助200 元，每月以補助5次為限　2.非低收入戶者：每人每月最高補助3,000 元；交通費每次補助100元，每月以補助5次為限",戶籍地之鄉（鎮、市）公所社會課,屏東縣社會處婦幼科 08-7320415 轉 5322,1.最近一年居住國內超過183日。 2.已通報本縣早療通報轉介中心 3.符合下列條件之一者： 一、設籍屏東縣未達就學年齡，持有經衛生福利部補助各縣市衛生局輔導設置兒童發展聯合評估中心或經地方政府認可之醫院開具之綜合報告書（有效期間依報告書有效期限認定之，若無註明，則自開立日起算一年內有效）或（疑似）發展遲緩證明書（明確註記遲緩領域且有效期間自開立日起算一年內有效）之兒童。二、設籍本縣領有身心障礙手冊之學齡前兒童。 三、設籍本縣已達就學年齡之兒童，經特殊教育學生鑑定及就學輔導會（簡稱鑑輔會）同意暫緩入學之發展遲緩或身心障礙兒童(至多以緩讀一年為限)。本項已達就學年齡且未經同意暫緩入學之發展遲緩或身心障礙兒童，該補助申請資格至當年度8月31日止。,1.申請表。2.戶口名簿影本（每季申請時）。 3.發展遲緩診斷證明書（有效期間以一年認定之）、經衛生福利部輔導設置聯合評估中心或經地方政府認可之醫院開具之綜合報告書（有效期間依報告書有效期限認定之，若無註明，則自開立日起算一年內有效）或身心障礙手冊影印本。4.療育紀錄摘要表須由本府同意核備之已立案療育單位具合格證照專業治療師或相關專業人員等簽名或蓋章。5.經鑑定及就學輔導會(簡稱鑑輔會)同意暫緩入學之證明（非已達就學年齡之兒童免）。 6.低收入戶證明（非低收入則不需）。 7.自費療育之醫療收據正本（須註明療育項目、療育日期及金額，並加蓋療育單位戳章）。8.家庭寄養合約書（非家庭寄養者免）。9.兒童家長、監護人、兒童或療育單位郵局存款簿封面影本。,受理時間：每年4月10日前、7月10日前、10月10日前、12月10日前。申請程序：檢附應備文（證）件委由至屏北區早療通報轉介中心、屏南區早療通報轉介中心或鄉鎮市公所提出申請即可。,#屏東縣 #醫療補助 #重大疾病 #身心障礙者 #低收入戶,
41,父母未就業家庭育兒津貼,"1.經地方政府認定「該名兒童」為低收入戶：每名兒童每月5,000元。2. 經地方政府認定「該名兒童」為中低收入戶：每名兒童每月4,000元。3. 兒童之父母（或監護人）經稅捐稽徵機關核定之最近一年之綜合所得總額合計未達申報標準或綜合所得稅稅率未達20%（約淨所得未達117萬元，不含20%）：每名兒童每月2,500元。",戶籍地之鄉（鎮、市）公所社會課,屏東縣社會處婦幼科 08-7320415 轉 5322,1.最近一年居住國內超過183日。 2.育有二足歲以下兒童。 3.兒童之父母(或監護人)至少一方因育兒需要，致未能就業者。 4.經直轄市、縣(市)政府依社會救助法審核認定為低收入戶或中低收入戶，或兒童之父母(或監護人)於中央主管機關公告最近一年之稅捐稽徵機關核定之綜合所得總額合計未達申報標準或綜合所得稅稅率未達20%。  5.兒童未經政府公費安置收容。 6.未領取因照顧該名兒童之育嬰留職停薪津貼或保母托育費用補助。,1.父、母及幼童最近三個月戶口名簿。2.申請人其中一方之郵局存簿封面影本。3.申請人一方為在臺無戶籍、大陸地區人民或外籍人士者，請檢附居留證影本。,「未能就業者」，應符合下列規定。但情況特殊者，由視申請人舉證資料認  審之：  (一)未參加勞工就業保險。  (二)中央主管機關公告最近一年之稅捐稽徵機關核定之薪資所得及執行業務所得(稿費除外)二項合計，未達公告最近一年每月基本工資乘以十二個月之金額。,#屏東縣 #失業者  #托育 #低收入戶,
42,兒童托育津貼（低收入）,"1. 每名兒童每月補助新臺幣1,500元。但實際繳費額未達新臺幣1,500元者，依其實際繳費額補助之。 2.鄉（鎮、市）公所已有補助，其補助未達新臺幣1,500元者，補助其差額；其補助已達新臺幣1,500元者，不再補助。 3.領有五歲幼兒免學費教育計畫就學補助；其補助未達補助標準者，補助其差額。",戶籍地之鄉（鎮、市）公所社會課,屏東縣社會處婦幼科 08-7320415 轉 5322,1.最近一年居住國內超過183日 2.就托、讀於經核准設立之公、私立或村里幼兒園之下列兒童,1.申請書。2.幼兒園繳費收據 。3.低收入戶（或寄養家庭）證明 。4.申請人郵局存簿封面影本。,申請補助應由兒童之父母、監護人或有關人員填具申請表並檢附相關文件於下列期間向該兒童之戶籍所在地之（鎮、市）公所提出：一、 每年六月申請當年一至六月之托育津貼補助。二、 每年十二月申請當年七至十二月之托育津貼補助。,#屏東縣 #托育 #低收入戶 #寄養家庭,
43,就業者家庭托育費用補助,"1.一般家庭：申請人經稅捐稽徵機關核定之最近 1 年綜合所得總額合計未達申報標準或綜合所得稅稅率未達 20％者，補助每位幼兒每月 2,000-3,000 元。2.中低收入戶補助每位幼兒每月 3,000-4,000 元。3.低收入戶、家有未滿2歲之發展遲緩或身心障礙幼兒之家庭、特殊境遇家庭、高風險家庭，補助每位幼兒每月4,000-5,000元。補充說明：托育地及戶籍地皆設在屏東縣者，可享有屏東縣政府額外提供2,000元補助。",屏東站：屏東市華正路95號102室 08-7366780 或 萬丹站：屏東縣萬丹鄉水泉村泉利街95號  08-7777014 或 潮州站：屏東縣潮州鎮南京路163號2樓 08-7807014 或 東港站：屏東縣東港鎮新生三路175號3樓 08-8337477 或 枋寮站：屏東縣枋寮鄉保生村海邊路6號3樓  08-8789579 或 恆春站：屏東縣恆春鎮天文路66號2樓 08-8882975 或 合格立案托嬰中心,屏東縣社會處婦幼科 08-7320415 轉 5325,1.最近一年居住國內超過183日 2.家中有二歲以下之幼兒並送請合格立案托嬰中心及居家托育服務中心托育人員托育者 3.父母雙方皆就業。,1.父母雙方就業證明文件 。2.父或母之郵局存簿封面影本 。3.居家式托育在宅契約或居家式托育到宅契約 。4.本府社會處家庭托育補助申請切結書 。5.弱勢家庭另檢附低收入戶、中低收入戶、身心障礙證明。,申請人應於幼兒托育後15日內檢送應備證件逕向「本縣居家托育服務中心」辦理申請；若由托嬰中心托育者，請向托嬰中心提出申請。,#屏東縣 #托育 #弱勢家庭 #低收入戶 #中低收入戶 #身心障礙者,
44,弱勢兒童及少年臨時托育費用補助,"1.符合前條第一項第一款、第三款或第四款資格，並送托具本法第二十六條第二項第一款資格居家式托育人員或托嬰中心照顧者，每月補助新臺幣5,000元；送托具本法第二十六條第二項第二款、第三款資格居家式托育人員者，每月補助新臺幣4,000元。2.符合前條第一項第二款，並送托具本法第二十六條第二項第一款資格居家式托育人員或托嬰中心照顧者，每月補助新臺幣4,000元；送托具本法第二十六條第二項第二款、第三款資格居家式托育人員者，每月補助新臺幣3,000元。臨時托育費用之補助金額如下：一、符合前條第一項第一款至第四款資格者，送托居家式托育人員或托嬰中心臨時照顧者，每小時補助100元，每年最高補助240小時。二、未滿二歲之發展遲緩或身心障礙幼兒送托居家式托育人員或托嬰中心臨時照顧者，每小時補助120元，每年最高補助240小時。",屏東站：屏東市華正路95號102室 08-7366780 或 萬丹站：屏東縣萬丹鄉水泉村泉利街95號  08-7777014 或 潮州站：屏東縣潮州鎮南京路163號2樓 08-7807014 或 東港站：屏東縣東港鎮新生三路175號3樓 08-8337477 或 枋寮站：屏東縣枋寮鄉保生村海邊路6號3樓  08-8789579 或 恆春站：屏東縣恆春鎮天文路66號2樓 08-8882975 或 合格立案托嬰中心,屏東縣社會處婦幼科 08-7320415 轉 5325,1.最近一年居住國內超過183日。  2.設籍屏東縣。 3.符合下列敘述任一者：一、家中有二歲以下之幼兒並送請合格立案托嬰中心及社區保母臨時托育者(居家托育人員)。二、父母雙方或單親一方或監護人因就業，致無法自行照顧家中未滿二歲幼兒，需送請保母人員或托嬰中心照顧者，得申請托育費用補助。其補助對象應具下列資格之一： (一)低收入戶。 (二)中低收入戶。 (三)因懷孕或生育而遭遇困境之少年。 (四)其他經縣（市）主管機關評估無力撫育及無扶養義務人或撫養義務人無力維持其生活之幼兒。 父母或監護人具前項資格之一，參加職業訓練、求職或家庭遭遇變故致無法自行照顧家中未滿二歲幼兒，需送請保母人員或托嬰中心照顧之臨時托育，或父母或監護人因臨時或特殊事件，需將未滿二歲之發展遲緩或身心障礙幼兒送請保母人員或托嬰中心照顧者，得申請。,1.父母雙方或單親一方就業證明文件 。2.父或母之郵局存簿封面影本 。3.臨時托契約書 。4.臨時托育明細表 。5.本府社會處家庭托育補助申請切結書 。6.低收入戶、中低收入戶、身心障礙證明、幼兒最近一年內之發展遲緩證明文件。 7.申請人資格及參加職業訓練或求職證明或家庭遭遇變故相關證明文件或其他經本府認可之社工人員評估報告。,申請人應於幼兒托育後15日內檢送應備證件逕向「本縣居家托育服務中心」辦理申請；若由托嬰中心托育者，請向托嬰中心提出申請。,#屏東縣 #托育 #弱勢家庭 #低收入戶 #中低收入戶 #身心障礙者,
45,特殊境遇家庭,無,戶籍地之鄉（鎮、市）公所社會課,屏東縣社會處婦幼科 08-7320415 轉 5324,設籍屏東縣，六十五歲以下之特殊境遇家庭，最近一年居住國內超過183日，全家總收入平均每人每月未超過政府當年公佈最低生活費2.5倍且家庭財產未超過中央主管機關公告之一定金額，並有下列情形之一者：1. 六十五歲以下，其配偶死亡，或失蹤經向警察機關報案協尋未獲達六個月以上。2 .因配偶惡意遺棄或受配偶不堪同居之虐待，經判決離婚確定或已完成協議離婚登記。3 .家庭暴力受害。4. 未婚懷孕婦女，懷胎三個月以上至分娩二個月內。5. 因離婚、喪偶、未婚生子獨自扶養十八歲以下子女或獨自扶養十八歲以下父母無力扶養之孫子女，其無工作能力，或雖有工作能力，因遭遇重大傷病或照顧六歲以下子女致不能工作。6. 配偶處一年以上之徒刑或受拘束人身自由之保安處分一年以上，且在執行中。7. 其他經直轄市、縣市政府評估因三個月內生活發生重大變故導致生活、經濟困難者，且其重大變故非因個人責任、債務、非因自願性失業等事由。,1.申請人郵局存簿封面影本。2.其他相關證明文件：(1)診斷證明 。(2)勞保加退保證明 。(3)保護令影本 。(4)死亡證明 。(5)離婚判決確定書。(6)重大傷病卡證明。(7)在監執行證明書。(8)身心障礙證明影本。,1.同一個案同一事由以補助一次為限。 2.已領其他項目生活補助費者，補助金額低於本項，得申請補助差額。 3.應於「事實發生六個月內」提出申請，逾期不受理。,#屏東縣 #身心障礙者 #單親家庭 #重大變故 #高風險家庭,
46,育有未滿二歲兒童育兒津貼,"1.經地方政府認定「該名兒童」為低收入戶：每名兒童每月5,000元。2.經地方政府認定「該名兒童」為中低收入戶：每名兒童每月4,000元。3.兒童之父母（或監護人）經稅捐稽徵機關核定之最近一年之綜合所得總額合計未達申報標準或綜合所得稅稅率未達20%：每名兒童每月2,500元。4.第三名以上者：每名兒童每月補助加發1,000元。",戶籍地之鄉（鎮、市）公所社會課,屏東縣社會處婦幼科 08-7320415 轉 5322,1.設籍屏東縣。 2.符合下列規定： (一)育有未滿二歲(含當月)兒童。 (二)經直轄市、縣(市)政府依社會救助法審核認定為低收入戶或中低收入戶，或兒童之父母(或監護人)於中央主管機關公告最近一年之稅捐稽徵機關核定之綜合所得總額合計未達申報標準或綜合所得稅稅率未達20%。(三)兒童未經政府公費安置收容。 (四)未領取因照顧該名兒童之育嬰留職停薪津貼或保母托育費用補助。(五)未接受托育公共或準公共化服務。,1.父、母及幼童最近三個月戶口名簿。2.申請人其中一方之郵局存簿封面影本。3.申請人一方為在臺無戶籍、大陸地區人民或外籍人士者，請檢附居留證影本。,1.兒童出生後六十日內完成出生或初設戶籍登記並申請者，得追溯自出生月份發給。2.中華民國一百零七年八月一日起二個月內申請者， 得追溯自一百零七年八月發給。,#屏東縣 #低收入戶 #中低收入戶 #育兒,
47,未滿二歲兒童托育準公共化,"送托與本府簽有準公共化契約的居家托育人員及托嬰中心補助：1.一般戶：6,000元。2.中低收入戶：8,000元。3.低收入戶：10,000元。4.第3名子女以上，每月加發1,000元。送托社區公共托育家園補助：1.一般戶：3,000元。2.中低收入戶：5,000元。3.低收入戶：7,000元。4.第3名子女以上，每月加發1,000元。",屏東縣居家托育服務中心,屏東縣社會處婦幼科 08-7320415 轉 5321,1.未滿2歲兒童托育服務，所選擇的私托、保母有與政府簽約為準公共化托育，另保母與幼兒間不具三親等關係。2.所得稅率未達20%家庭或經直轄市、縣（市）政府依社會救助法審核認定為中低收入戶、低收入戶或弱勢家庭。3.兒童送托日間托育、全日托育、夜間托育等，且每週時數達30小時以上。4.申報期間，該名兒童未經政府公費安置收容、未領取因照顧該名兒童之育嬰留職停薪津貼、育兒津貼或其他政府同性質之津貼。5.兒童之父母（或監護人）不得指定一對一收托。但發展遲緩、身心障礙、罕見疾病或有其他特殊狀況之兒童，不在此限。,1.申報表。2.幼兒及委託人身分證明文件。3.簽訂之托育服務契約書。4.委託人(甲或乙一方)之郵局帳戶封面。5.弱勢家庭另檢附低收入戶、中低收入戶、身心障礙證明。,無,#屏東縣 #弱勢家庭 #低收入戶 #中低收入戶 #身心障礙者,
48,社會保險補助,1.極重度及重度身心障礙者全額補助其自付保險費。2.中度身心障礙者補助其自付保險費二分之一。3.輕度身心障礙者補助其自付保險費四分之一。,戶籍地之鄉（鎮、市）公所社會課,屏東縣社會處婦幼科 08-7320415 轉 5394,1.最近一年居住國內超過183日。  2.設籍屏東縣。  3.領有身心障礙證明者 4.已參加全民健康保險、公保、勞保、農保、軍保的身心障礙者。,無,免申請，縣府每月5日前統一將上個月身心障礙者資料送衛生福利部中央健保署辦理,#屏東縣 #身心障礙者 #保險補助,
49,生活輔具器具補助(含居家無障礙修繕),1.申請輔具補助項目、補助基準、最高補助金額及最低使用年限功能或規格規範、評估規定與其他補助相關規定等應依本基準表辦理。2.身心障礙者屬罕見疾病或其他障礙類別者，經輔具資源中心評估符合補助標準，得不受本基準表，關於障礙類別、等級之限制。但仍須符合該項輔具項目之其他規定。3.經核定以現金補助所購置之輔具應以新品為限，且補助項目之輔具購置或承製費用低於本基準表者，依其購置或承製費用核實補助。4.身心障礙者每人每二年得依實際需要申請四項輔具補助為限；且同一項目於使用年限內不得重複申請。經其他機關（構）移轉或回收捐贈使用之輔具，得不列計補助項次，但經輔具資源中心評估堪用，亦不得重複申請補助。5.申請人已依身心障礙者醫療復健所需醫療費用及醫療輔具費用補助辦法規定，接受醫療輔具補助者，其補助項次應併入前項項次計算。如該輔具係本府以二手媒合提供使用，其使用期間不予補助，亦不受前款所定年限及項次限制。,戶籍所在地鄉(鎮、市)公所、輔具資源中心,輔具資源中心087365455 或 社會處身心障礙福利科087320415轉5446,1.最近一年居住國內超過183日。  2.設籍屏東縣。 3. 領有身心障礙證明者。4.依屏東縣身心障礙者輔具費用補助基準表規定，經本縣輔具資源中心（以下簡稱輔具資源中心）輔具評估人員或經身心障礙鑑定醫療機構診斷證明書及相關治療師評估報告，有裝配輔具需求者。,1.身心障礙證明影本。2.國民身分證影本或戶口名簿影本或戶籍謄本。3.基準表所定各補助項目之診斷書、評估報告書(三個月內)。4.學生證或在學證明（僅18歲以下或25歲以下國內日間部學生申請助聽器需檢附）。7.其他文件：(1)委託書及代辦人國民身分證正反面影本。(2)申請項次22-27應檢附特製車駕照。(3)申請項次113-133居家無障礙設施應檢附房屋所有權狀影本（非自有房屋者，須附租賃契約書影本、房屋所有權狀影本及屋主出具之施工同意書）。,移位輔具、站立架、氣墊床、居家用照顧床、升降桌、衣著用輔具、飲食用輔具、居家用生活輔具等項目限居家使用者申請。,#屏東縣 #醫療用品 #身心障礙者,
50,身障者購買或承租公有公共場所商店攤販低利貸款或租金補助,"1.身心障礙者購買公有公共場所商店或攤販低利貸款利率與國民住宅貸款優惠利率間之利息差額由本府補貼。但不得超過承購總價80%且每人每年最高補貼新臺幣1,600,000元。2.承租公有公共場所商店攤販租金補貼，以每人每月補助新臺幣240,000為限。但不得超過承租金額80%且承租商店保證金、公共管理費等相關費用，不予補貼。",戶籍地之鄉（鎮、市）公所,屏東縣社會處身心障礙福利科 08-7320415 轉 5382,1.最近一年居住國內超過183日。  2.設籍屏東縣。 3. 領有身心障礙證明者。 4.年滿20歲。 5.未曾接受政府同性質貸款利息補貼或租金補貼。 6.購買或承租商店或攤販未滿2年。 7.家庭總收入平均未達當年度每人每月最低生活費標準2.5倍。,1.申請書。2.身心障礙證明正、反面影本。3.低收、中低收或領有生活補助之證明文件。4.申請人郵局存簿封面影本。5.商業登記或攤販許可證明文件。6.貸款契約影本。7.商店或攤販所有權證明文件影本或租賃契約影本。8.最近一期貸款或租金繳納證明。9.切結書。,無,#屏東縣 #身心障礙者 #就業 #創業,
51,身障者購買停車位貸款利息補貼或承租停車位補助,"1.身心障礙者貸款利率，於每年1月1日與國民住宅貸款優惠利率間之利息差額為計算基準，每人每年最高補貼新臺幣一萬元，並依下列原則補貼：(1)低收入戶全額補貼利息差額。(2)中低收入戶補貼利息差額80％。(3)領有生活補助費者補貼利息差額50％。2.身心障礙者承租停車位租金補助之計算基準，依下列規定辦理：(1)低收入戶補助以實際每月租金50％為限。(2)中低收入戶補助以實際每月租金40％為限。(3)領有生活補助費者以實際每月租金25％為限。租金補助每月金額不得逾新臺幣1,000元。但承租停車位保證金、公共管理費等相關費用不予補助。",戶籍地之鄉（鎮、市）公所,屏東縣社會處身心障礙福利科 08-7320415 轉5382,1.最近一年居住國內超過183日。 2.設籍屏東縣。 3. 領有身心障礙證明者。 4.低收、中低收或領有生活補助者。 5. 須為車輛所有人且領有同種車類之有效駕駛執照者。 6.未接受政府同性質貸款或補助者。7.已貸款購買停車位，或已承租停車位且租賃契約所定承租期間逾三個月者。,1.申請書。2.身心障礙者證明正、反面影本。3.低收入戶、中低收入戶或領有生活補助費核定通知書之證明文件。4.車輛行車執照及駕駛執照影本。5.貸款或租賃契約影本。6.停車位所有權證明影本（承租停車位者，免附）。7.最近一期貸款或租金繳納證明。8.申請人郵局存簿封面影本。9.放棄接受政府同性質貸款或補助切結書（如停放公有停車場、路邊停車位優惠等）。10.委託他人辦理者，應填具委託書。,無,#屏東縣 #身心障礙者 #低收入戶 #中低收入戶,
52,身心障礙者日間照顧及住宿式照顧費用補助,屏東縣身心障礙者日間照顧及住宿式照顧費用，補助標準有兩種，一般對象是指30歲以下者，特殊對象是指年滿30歲、年滿20歲其父母之一方年齡在65歲以上、家庭中有2名以上皆住在政府簽訂機構者，如下：1. 低收入戶全額補助(2者皆是)。2. 中低收入戶或家庭平均每月收入未達2倍，或未達臺灣地區平均每人每月消費支出者，補助75%(一般對象)或85%(特殊對象)。3. 家庭平均每月收入2倍以上未達3倍，或未達臺灣地區平均每人每月消費支出1.5者，補助50%(一般對象)或70%(特殊對象)。4. 家庭平均每月收入3倍以上未達4倍，或未達臺灣地區平均每人每月消費支出2倍者，補助25%(一般對象)或60%(特殊對象)。5. 家庭平均每月收入4倍以上未達5倍，或臺灣地區平均每人每月消費支出2倍以上者，不予補助(一般對象)或50%(特殊對象)。6. 家庭平均每月收入5倍以上未達6倍，或未達臺灣地區平均每人每月消費支出3倍者，補助40%(特殊對象)。7. 家庭平均每月收入6倍以上，或超過臺灣地區平均每人每月消費支出3.5倍以上者，不予補助(特殊對象)。,戶籍地之鄉（鎮、市）公所,屏東縣社會處婦幼科 08-7320415 轉 5493,1.最近一年居住國內超過183日。 2.設籍屏東縣。 3. 領有身心障礙證明者。 4.實際居住本縣，或經本縣轉介至其他縣市之機構接受照顧服務。 5. 未接受政府其他相同性質之服務或補助。 6. 家庭總收入符合本辦法補助基準。,1.戶口名簿影本1份。2.身心障礙證明正反面影本。3.申請人印章。4.若為低收入戶者，請戶籍所在地鄉（鎮、市）公所開立低收入戶證明書。5.申請表（請至戶籍所在地公所填寫）。6.代理人身分證及印章。,申請人為重度以上身心障礙者，低收入戶或中低收入戶，無生活自理能力，且無扶養義務人或扶養義務人無扶養能力者，得優先補助。,#屏東縣 #身心障礙者 #低收入戶 #中低收入戶,
53,居家身心障礙者使用維生器材及必要生活輔具用電優惠,由台灣電力公司依申請核定者之每月電費使用度數表酌予補助。,戶籍地之鄉（鎮、市）公所,屏東縣社會處身心障礙福利科 08-7320415 轉 5379,1.最近一年居住國內超過183日。 2.設籍屏東縣。 3.使用維生器材及必要生活輔具者。4. 未接受政府全日住宿照顧費用補助（含同時接受日間照顧及夜間住宿費用補助）。,1.身心障礙證明。2.申請者住家之電費收據單。3.申請者醫師診斷證明。4.申請者與維生器材及必要生活輔具之合照。,經審核通過提供電價優惠之起始月份，須依據台灣電力公司開立電費單據時間而定，優惠之電費直接由下期電費中扣減。,#屏東縣 #身心障礙者 #低收入戶 #中低收入戶 #醫療用品,
54,身心障礙者居家照顧服務及費用補助,1. 身體照顧服務及家務服務：指以到宅提供服務。 a.身體照顧服務：包含協助沐浴、如廁、穿換衣服、口腔清潔、進食、服藥、翻身、拍背、肢體關節活動、上下床、陪同散步、運動、協助使用日常生活輔助器具及其他服務。b.家務服務：包含換洗衣物之洗濯及修補、生活起居空間居家環境清潔、家務及文書服務、餐飲服務、陪同或代購生活必需用品、陪同就醫或聯絡醫療機關（構）及其他相關之居家服務。 2.送餐服務：由承辦單位於每週一至週五中午提供獨居或家屬無法照顧之身心障礙者營養餐食，送至家中食用。 3.居家護理：經評估有需要繼續護理之身心障礙者，到宅提供護理服務。 4.居家復健：由物理治療師、職能治療師或語言治療師對居家需繼續復健之身心障礙者，到宅提供復健治療服務。,屏東縣長期照護管理中心 08-7351010,屏東縣長期照護管理中心 08-7662900 ,1.最近一年居住國內超過183日。 2.設籍屏東縣。 3.領有身心障礙證明者，且經長期照護專員評估符合資格者。4.身體照顧服務及家務服務：身心障礙者未接受身心障礙者日間及住宿式照顧費用補助、聘僱外籍看護(傭)、領有政府提供之特別照顧津貼、失能老人接受長期照顧服務補助或其他照顧費用補助者。5.送餐服務：未滿65歲並未獲安置於社會福利機構，且獨居或家屬無法照顧之身心障礙者。6.居家護理：全民健保居家護理給付二次，每月得再增加補助二次。7.居家復健：每星期最多補助一次，一年以六次為原則。,無,1.本服務需經長期照護專員評估符合資格後方可申請補助。2.居家護理：全民健保居家護理給付二次，每月得再增加補助二次。3.居家復健：每星期最多補助一次，一年以六次為原則。,#屏東縣 #長期照顧 #身心障礙者,
55,身心障礙臨時暨短期照顧服務,1.低收入戶（全額補助）。2.身心障礙者年滿30歲（補助85％）。3.年滿20歲身心障礙者其父母之一年齡在65歲以上（補助85％）。4.家庭中有二名以上身心障礙者（補助85％）。5.中低收入戶家庭身心障礙者（補助85％）。6.一般身心障礙者（補助70％）。,社團法人屏東縣啟智協進會 08-7383015,屏東縣社會處身心障礙福利科 08-7320415 轉5348,1.最近一年居住國內超過183日。 2.設籍屏東縣。 3.家庭照顧者已使用長期照顧喘息服務者與臨時暨短期照顧服務合併使用時，日數不得超過21日上限。4. 家庭照顧者未領有政府提供之特別照顧津貼或其他照顧費用補助。5. 身心障礙者同一時段未接受日間及住宿式照顧服務或居家照顧服務。6. 未聘僱看護（傭）。7. 身心障礙者未接受醫院住院治療。,1.身心障礙者證明正、反面影本。2.戶口名簿影本1份。3.其他相關證明文件。,無,#屏東縣 #短期照顧,
56,身心障礙家庭托顧服務,運用家庭托顧員每月提供22天身心障礙者家庭式的照顧服務：1.低收入戶全額補助。2.中低收入戶補助85％。3.一般戶補助75％。,社團法人屏東縣啟智協進會 08-7383015,屏東縣社會處身心障礙福利科 08-7320415 轉5348,1.最近一年居住國內超過183日。 2.設籍屏東縣。 3.15歲至64歲。 4.中度以上之身心障礙者，並未接受機構安置、居家服務、未申請聘僱看護、日間照顧或其他照顧費用之補助。,1.身心障礙證明。2.低收入戶證明或中低收入戶證明（無則免付）。,無,#屏東縣 #低收入戶 #中低收入戶 #看護,
57,身心障礙復康巴士服務,一、服務時間：1.預約訂車時間：週一至週五 08：00起至17：30。（中午12時至13時30分為午休時間）。2.出車時間：每週一至週日 上午08：00至下午21：00止。(1) 夜間出車，到達目的地路程如超過1小時者，預約之出車時間應在晚間20時前。(2) 夜間出車，如併回程最遲返車時間應在晚間21時前。二、服務範圍：1.個人訂車起點須於本縣境內，終點應於本縣境內或至高雄市各醫院就醫、高雄市各景點休閒旅遊及高雄市各主要交通接駁站(點)，惟以就醫為優先原則。2.身心障礙社團、機構參加活動之交通服務。3.特教班辦理校外教學活動之交通服務。三、費用：基本費100元，每1公里5元，屏北、屏中區低收入戶半價收費,屏南區低收入戶三分之一價收費，共乘五折。,屏北區－屏東縣身障服務協會 087386626、屏中區－莘翊居家護理所087887433、屏南區－恆春基督教醫院088892293轉403、琉球鄉-琉球鄉公所088612501 轉118,屏東縣社會處身心障礙福利科 08-7320415 轉5341,領有政府核發之身心障礙證明,第一次搭乘需出示身障證明，並提供影本。,需事先預約，採預約制。收費方式：1.上車基本費100元，里程費每公里5元。2.低收入戶半價收費，共乘打五折。3.必要陪伴者一人免費。陪同者：(往返)加收新臺幣五十元整，並以一人為限。,#屏東縣 #身心障礙者 #交通
58,身心障礙轉銜及個案管理服務,經委辦單位評估符合資格且確有需求者，即受理服務，不需任何費用。,伊甸基金會（屏北）087382592、伊甸基金會（屏南）088327176,屏東縣社會處身心障礙福利科 087320415 轉5448,1.最近一年居住國內超過183日。 2.設籍且實際居住於屏東縣。 3.領有身心障礙證明,無,無,#屏東縣 #身心障礙者,
59,身心障礙者生活重建服務,經委辦單位評估符合資格且確有需求者，即受理服務，不需任何費用。,1、視覺障礙者生活重建：盲人福利協進會 088336496 2、肢體障礙者生活重建：財團法人伊甸社會福利基金會087364702、087380657 3、精神障礙者生活重建：社團法人屏東縣向陽康復之友協會087899837,屏東縣社會處身心障礙福利科 08-7320415 轉5441(肢障)、5441(視障),1.最近一年居住國內超過183日。 2.設籍屏東縣。 3.領有身心障礙證明。4. 中途致障者。5. 有生活重建需求者。,無,請電話洽詢委案單位，經該單位社工員評估符合資格且確有需求者，即受理服務。,#屏東縣 #身心障礙者 #有生活補助費,
60,身心障礙者手語翻譯(含視訊)或同步聽打服務,經委辦單位評估符合資格且確有需求者，即受理服務，不需任何費用。,社團法人屏東縣聲暉聽障協進會 08-7372174、0979-812665,屏東縣社會處身心障礙福利科 08-7320415 轉5493,1.最近一年居住國內超過183日。 2.有手語翻譯或同步聽打服務需求之個人/團體/民間企業/組織/公家單位/教育機構/職訓機構等。3. 個人：領有身心障礙證明之聽、語障者或合併聽、語障之多重障礙者。4. 團體：本縣各公務機關(機構)、學校、各社會福利團體等。,1.個人申請應檢附身心障礙證明影本。2.團體申請應檢附：(1)單位立案證書影本(公務機關及學校請於申請表內加蓋單位戳章)。(2)開會通知單或活動簡章(含流程)。,1.手語翻譯服務：除緊急或突發案件，請於1日前提出申請。2.同步聽打服務：請於活動5日前提出申請。,#屏東縣 #身心障礙者,
61,搭乘公共交通工具半價優惠,領取身心障礙證明及其監護人或必要陪伴者一人；領取身心障礙證明者，需求欄應註記，搭乘國內火車、公車、輪船、飛機等公共交通工具、可享半價優待。,請洽各交通單位服務窗口或購票櫃台,屏東縣社會處身心障礙福利科 08-7320415 轉5441,1.最近一年居住國內超過183日。 2.設籍屏東縣。 3.領有身心障礙證明。 4. 身心障礙證明或手冊需求欄應註記，搭乘國內火車、公車、輪船、飛機等公共交通工具，身心障礙者及其監護人或必要陪伴者一人可享半價優待。,身心障礙證明逕洽各交通單位服務窗口或購票櫃台,免申請,#屏東縣 #身心障礙者 #交通,
62,身心障礙者自立生活支持服務,1.身心障礙者同儕支持員服務：同一身心障礙者每年諮詢10小時(諮詢鐘點費每小時最高補助新臺幣220元)。2.個人助理服務: 每小時以新臺幣200元計算。(1)低收入戶政府全額補助；(2)中低收入戶及家庭總收入平均每人每月最低生活費2.5倍以下政府補助90％；(3)一般戶政府補助70％。3.另申請個人助理需符合下列規定：(1)未接受機構安置、未聘僱看護（傭）、未領有政府提供之特別照顧津貼、日間照顧費或其他照顧費用補助者。但接受衛生單位之機構喘息服務補助者，不在此限。(2)同時段不得重覆使用居家照顧服務。,財團法人平安社會福利慈善事業基金會 087370161,屏東縣社會處身心障礙福利科 08-7320415 轉5342,1.最近一年居住國內超過183日。 2.設籍屏東縣。 3.領有身心障礙證明。 4.滿18歲有自立生活意願者。,1.戶口名簿影本1份。2.身心障礙證明影本。3.低收入戶或中低收入戶證明(無則免附)。,無,#屏東縣 #身心障礙者 #生活補助費 #低收入戶 #中低收入戶,
63,屏東縣使用維生器材及必要生活輔具身心障礙者租用發電機租金補助,1.低收入戶：每日以實際租金總額之百分之百補助，但最高補助新臺幣500元。 2.中低收入戶：每日以實際租金總額之百分之七十五補助，但最高補助375元。3.一般戶：每日以實際租金總額之百分之五十補助，但最高補助250元。,屏東縣社會處身心障礙福利科,屏東縣社會處身心障礙福利科 087320415 轉5379,1.最近一年居住國內超過183日。 2.設籍屏東縣。 3.於居家接受照顧之身心障礙者,1.申請表。2.發電機租金收據(發票)正本。3.申請人存摺封面影本。4.領款收據正本。5.停電通知單影本(平時預警性停電需檢附)。6.未曾向本府申請輔具費用或用電補助紀錄者，首次申請本租用發電機租金補助須檢附使用維生器材或必要生活輔具之照片乙張。7.其他，如非身心障礙者本人提出申請，請檢具用印完整之委託書。8.申辦文件下載：http://www.pthg.gov.tw/planjdp/News_Content.aspx?n=04B720548F55D64C&sms=5EE82030CD16E9FA&s=F96DDCDADBC99A17,租用發電機租金補助：一、使用有維生器材：氧氣製造機、單相陽壓呼吸器(C-PAP)、雙相陽壓呼吸器(Bi-PAP)、 血氧監測儀（非電池式）、冷氣機、電暖器、抽痰機、咳嗽（痰）機、化痰機（器）、 電動拍痰機（非電池式）等。二、使用有必要生活輔具：電腦輔具之眼控滑鼠、電動輪椅、電動代步車、居家用照顧床（電動）、氣墊床等。三、冷氣機、電暖器限符合特定資格者：(一)冷氣機：須因神經系統、皮膚等相關構造嚴重損傷導致身體排汗或調節體溫之功能喪失，或領有重大傷病卡之外胚層發育不良症(無汗症)、遺傳性表皮分解性水皰症(泡泡龍)、魚鱗癬症者，經醫師診斷需使用冷氣調節室溫方能維持身體功能。(二)電暖器：行動不便的神經性病患，如：第六胸髓以上完全損傷或行動不便，並經醫師診斷有體溫調節失調或環境溫度適應失調，確有使用之需求。補助期間範圍：(一)平時：以台灣電力公司所發放的停電通知單上日期為準，以日計算。(二)災時：以中央氣象局發布陸上颱風警報當日至解除海上颱風警報或恢復電力當日為止。,#屏東縣 #低收入戶 #中低收入戶 #醫療用具,
64,屏東縣身心障礙者乘車電子票證博愛陪伴卡服務,持博愛陪伴卡者，緊隨博愛卡感應乘車，始享有乘車半價優惠。 (使用陪伴卡乘車前，請自行儲值現金才能乘車。),戶籍地之鄉（鎮、市）公所,屏東縣社會處身心障礙福利科 087320415 轉5342,1.最近一年居住國內超過183日。 2.設籍屏東縣。 3.持有身心障礙證明者，(須註記「必要陪伴者優惠措施-國內大眾運輸工具」),1.身分證正本及正反面影本1份。 2.二吋半身彩色照片2張(請於照片後註明申請人姓名)，同時申請博愛卡及博愛陪伴卡則請帶身心障礙者本人照片4張。 3.印章或本人親自簽名。 4.申請博愛(陪伴)卡須攜身心障礙證明，每位身心障礙者限申請1張博愛陪伴卡。 5.委由他人辦理者，應填具委託書及檢附受託人身分證影本。,1.若同時符合敬老卡與博愛卡之申請資格，僅能擇一申請。(若改辦卡種【例如：敬老卡改博愛卡】，則敬老卡需繳回或辦理掛失。) 2.無障礙計程車車資補貼方式：持屏東縣博愛卡刷卡乘車即享補助，車資新臺幣100元以下補助18元、101元~200元補助36元、201元以上補助54元。,#屏東縣 #身心障礙者 #交通,
65,屏東縣身心障礙者乘車電子票證博愛卡服務,持博愛卡，享乘車半價優惠，並由屏東縣政府補助每月330點(元)於搭乘屏東縣內客運公車及屏東縣無障礙計程車時直接扣抵(非現金補助)車資。,戶籍地之鄉（鎮、市）公所,屏東縣社會處身心障礙福利科 087320415 轉5342,1.最近一年居住國內超過183日。 2.設籍屏東縣。 3.持有身心障礙證明之縣民,1.身分證正本及正反面影本1份。 2.二吋半身彩色照片2張(請於照片後註明申請人姓名)，同時申請博愛卡及博愛陪伴卡則請帶身心障礙者本人照片4張。 3.印章或本人親自簽名。 4.申請博愛(陪伴)卡須攜身心障礙證明，每位身心障礙者限申請1張博愛陪伴卡。 5.委由他人辦理者，應填具委託書及檢附受託人身分證影本。,1.若同時符合敬老卡與博愛卡之申請資格，僅能擇一申請。(若改辦卡種【例如：敬老卡改博愛卡】，則敬老卡需繳回或辦理掛失。) 2.無障礙計程車車資補貼方式：持屏東縣博愛卡刷卡乘車即享補助，車資新臺幣100元以下補助18元、101元~200元補助36元、201元以上補助54元。,#屏東縣 #身心障礙者 #交通,
66,醫療復健所需之醫療費用與醫療輔具補助,1.核定補助採現金補助項目之輔具購置或租賃費用低於標準表所定補助金額者，依其購置或租賃費用覈實補助。2.本補助身心障礙者每人每二年依據實際需要最多申請四項輔具補助為原則，同一項目於其使用年限內不得重複補助；經其他機關（構）移轉或回收捐贈使用之輔具，該項得不列計補助項次。但同項輔具經本縣輔具資源中心評估堪用者，不得重複申請補助。3.依屏東縣政府身心障礙者輔具費用補助作業要點取得輔具補助者，該補助項次併本要點計算。4.前項輔具補助本府以二手媒合之輔具提供使用，其使用期間該項輔具不重複補助，亦不列計前項二年四項之限制。5.經核定以現金補助所購置之輔具，應以新品為限。,戶籍地之鄉（鎮、市）公所,資源中心 087365455、社會處身心障礙福利科 087320415轉5347、5496,1.最近一年居住國內超過183日。 2.設籍屏東縣。 3.領有身心障礙證明，且符合本縣身心障礙者醫療復健所需費用及醫療補具補助標準表(如附表，以下簡稱標準表)內規定。,1.身心障礙證明影本。2.國民身分證影本或戶口名簿影本或戶籍謄本。3.基準表所定各補助項目之診斷書、評估報告書(三個月內)。,限居家使用者申請。,#屏東縣 #身心障礙者 #醫療用品 #醫療補助,
67,身心障礙旅遊復康巴士服務,一、預約訂車時間：1.預約訂車，應於出發前3個月至前3天預約，原則上依來電順序受理登記。2.受理預約訂車時間：週一至週五08：00起至17：30。【中午12時至13時30分為午休時間】。二、服務範圍：起點須為屏東縣境內，目的地應為車輛可到達之各旅遊景點、場所(縣市不限)。三、服務對象：1.領有政府核(換、補)發之身心障礙證明者。2.民間社團參加活動之交通服務。(需有至少1位身心障者)。3.特教班辦理校外教學活動之交通服務。四、收費方式：1.車輛行駛每增加1公里加收新臺幣5元，每位身心障礙者予以個別計費，共乘5折優惠，另車輛出勤每1小時收出車費新臺幣50元，每趟出車收費依身心障礙者、陪同搭乘者之序位計費，計費人員以4人為上限，但不限陪同搭乘者人數，每人加收新臺幣100元。2.同時預約2輛旅遊復康巴士者(每輛皆需有身障者搭乘)，僅收取1輛車之出車費，其餘費用仍依各車搭乘狀況收費。3.身心障礙社團、機構預約使用旅遊復康巴士，仍須個別計算身心障礙者人數，每人每1公里加收新臺幣5元予以個別收費，但亦享有共乘5折優惠。4.申請休閒旅遊交通服務倘有下列費用由服務使用者自行負擔：(1)停車費、行駛國道高速公路通行費及乘車者之平安保險費(若有免收通行費配套方案，先執行配套方案結束後，再行收費)。(2)司機因提供休閒旅遊交通服務所致之在外住宿費用新臺幣1000元。五、服務方式：1.到宅接送(以身心障礙者為主)。2.搭乘人數應達2人以上，如人數達8人以上可同時預約2輛旅遊復康巴士。3.本服務僅提供乘客旅遊休閒之交通接送【不提供陪伴旅遊休閒及無關交通接送之服務】。,莘翊居家護理所 087887433、087890607,屏東縣社會處身心障礙福利科 08-7320415 轉5341,領有政府核發之身心障礙證明,第一次搭乘需出示身障證明，並提供影本。,需事先預約，採預約制。1.請乘客評估自身狀況，如有身體不適，請告知駕駛就近送醫，並請家屬陪同隨侍。2.車輛使用時間，每日以10小時為限(出發開始計時至行程結束下車)，無超時服務。3.行程結束下車時間最晚不能超過21:30，若出發時間較晚，請自行評估。,#屏東縣 #交通 #身心障礙者,
68,低收入戶產婦及嬰兒營養與婦女生育補助辦法,"每人補助10,000元",戶籍地之鄉（鎮、市）公所,屏東縣社會處 08-7320415 轉 5339 柳小姐,1.設籍屏東縣。 2.列冊低收入戶生育婦女。 ,申請人戶籍謄本,無,#屏東縣 #低收入戶 #婦女 #孕婦 #生育,
69,中低收入戶產婦及嬰兒營養與婦女生育補助辦法,"每人補助 3,000 元",戶籍地之鄉（鎮、市）公所,屏東縣社會處 08-7320415 轉 5339 柳小姐,1.設籍屏東縣。 2.列冊中低收入戶生育婦女。,申請人戶籍謄本,無,#屏東縣 #中低收入戶 #婦女 #孕婦 #生育,
70,屏東市生育獎勵金補助自治條例,"每胎次補助 15,000元，雙胞胎第二位新生兒視為第二胎；以此類推。",戶籍地之鄉（鎮、市）公所,屏東縣屏東市公所 08-7560101 轉131~132 洪小姐,1.於本市完成出生登記新生兒之父母。 2.新生兒之父母均設籍本市（父或母一方因國籍尚無法設籍者除外），其中一人須設籍一年以上。　2.已設籍本市滿一年之未婚婦女。　3.未設籍本市之未婚婦女，新生兒經生父認領登記，且生父設籍一年以上。,申請人戶籍謄本,"新生兒之母或父戶籍遷出本市後又再遷入者，應重新計算設籍期間。
",#屏東縣 #婦女 #孕婦 #生育,
71,屏東縣潮州鎮生育補助自治條例,"每胎補助 10,000 元；如為多胞胎，以新生兒胎數核發補助。",戶籍地之鄉（鎮、市）公所,屏東縣潮州鎮公所 08-7882371 轉 153 馬先生,"1.新生兒出生前父母其中一方須為中華民國籍且連續設籍本鎮滿一年以上（以新生兒出生日
往前推算）。但曾設籍本鎮五年以上，遷出再遷入者僅須連續設籍滿六個月即符資格。2.未婚生子者，新生兒母親須符合第一款設籍規定。3.自然或人工流產、死胎、養子女等均不予補助。",申請人戶籍謄本,無,#屏東縣 #婦女 #孕婦 #生育,
72,屏東縣東港鎮生育補助自治條例,"每位新生兒 2,000 元。(若為雙胞胎或多胞胎者，每位新生兒再加發 2,000元。)",戶籍地之鄉（鎮、市）公所,屏東縣東港鎮公所 08-8324131 轉 156 曾小姐,1.生育補助之申請，新生兒於本鎮辦理出生登記或初設戶籍及其父或母現設籍本鎮達一年以上者(以新生兒出生年月日為基準日)，申請時仍設籍本鎮者。,申請人戶籍謄本,新生兒出生後 60 天內提出申請。,#屏東縣 #婦女 #孕婦 #生育,
73,屏東縣恆春鎮生育津貼補助自治條例,"第一胎新生兒補助 30,000 元，第三胎起補助 50,000 元。",戶籍地之鄉（鎮、市）公所,屏東縣恆春鎮公所 08-8898112 轉 152 郭先生,1.凡父或母一方於本鎮設籍滿一年而生育者且新生兒自出生即設籍於本鎮。如遷出後再遷入 設籍滿一年者始可申請補助。,申請人戶籍謄本,應於新生兒出生後三個月內提出申請。,#屏東縣 #婦女 #孕婦 #生育,
74,屏東縣萬丹鄉公所婦女生育獎勵金發放辦法,"1.本獎勵金以逐次生產重新計算給付。 2.新生兒一胞胎 5,000 元整，雙胞胎 10,000 元整，三胞胎 20,000 元整，四胞胎起每增 1 人加發 10,000 元。
",戶籍地之鄉（鎮、市）公所,屏東縣萬丹鄉公所 08-7772111 轉 34 黃先生,"1.新生兒出生須設籍本鄉者。 2.新生兒父母或一方需設籍本鄉滿一年以上者（以新生兒出生之日向前推算，以戶籍登記為
準）。3.父母之一方為中華民國國籍，另一方為外籍配偶未能設籍者，須結婚登記滿六個月以上並檢據相關合法證明書始得提出申請。",申請人戶籍謄本,"新生兒出生日（含）起 6 個月內均可提出申
請，逾期視同放棄。",#屏東縣 #婦女 #孕婦 #生育,
75,屏東縣長治鄉生育補助金發放自治條例,"每胎補助 5,000 元；雙胞胎及多胞胎者，每增加新生兒一人依數發給。",戶籍地之鄉（鎮、市）公所,屏東縣長治鄉公所 08-7368215 轉 24 蔡先生,"1.自 108 年 1 月 1 日起於本鄉完成出生登記或初設戶籍之新生兒。　2.父或母一方設籍並實際居住該鄉滿一年以上。　3.外籍（或大陸籍）配偶因法令規定，尚未設籍者需有合法結婚證明且居留證地址在本鄉轄內。　4.未設籍本鄉或未滿一年之婦女，新生兒經生父認領登記，且生父於新生兒出生當日已設籍並實際居住滿一年。　5.未婚生子者，新生兒母親需設籍本鄉滿一年。　6.新生兒之父母因死亡、行蹤不明或受監護宣告等特殊個案，致無法提出申請者，得由同居之最近親屬或其監護人提出申請。　7.申請補助者，於新生兒出生之日起三個月內逕向本所民政課村幹事提出申請（以戶政事務所出生登記為準），逾期視為放棄，不予受理。　8.五歲前(含)非原設籍本鄉之學齡兒童經遷入設籍本鄉滿一年者，本所增加發放獎勵金，並錄冊以一次為限。
",申請人戶籍謄本,收養之子女不予補助。,#屏東縣 #婦女 #孕婦 #生育,
76,屏東縣麟洛鄉婦女生育補助自治條例,"1.第一胎 10,000 元、第二胎 15,000 元、第三胎 20,000 元整。第四胎以上，每胎 25,000 元。 2.如為雙胞胎或多胞胎者，每增加一人依胎數金額發給補助。（例如：第一胎為雙胞胎則補助 20,000 元）",戶籍地之鄉（鎮、市）公所,屏東縣麟洛鄉公所 08-7222553 轉 39 林先生,1.自 108 年 1 月 1 日出生且申報設籍本鄉之新生兒，其親生父或母已連續滿一年以上者得申請生育補助。 2.符合前項設籍之規定，並在連續設籍本鄉期間，再生第二胎以上且申報該親生子女出生設籍本鄉者得依標準申請生育補助。,申請人戶籍謄本,無,#屏東縣 #婦女 #孕婦 #生育,
77,屏東縣九如鄉婦女生育補助自治條例,"1.第 1 胎 10,000 元整。 2.第 2 胎 20,000 元整 3.第 3 胎 30,000 元整。 3.第 4 胎 60,000 元整。 4.第 5 胎 100,000元整。 5.雙胞胎或多胞胎者；每增加新生兒一人，依數加倍發給。
",戶籍地之鄉（鎮、市）公所,屏東縣九如鄉公所 08-7392210 轉 62~63 潘小姐,1.新生兒出生前父或母有一方在本鄉設籍，且 設籍須滿一年以上（以新生兒出生之日向前推 算，以戶籍登記為準），並辦妥新生兒設籍本 鄉出生登記者。  2.新生兒如為遺腹子設籍規定與前同；未婚生 子者新生兒母親須設籍本鄉滿一年；新生兒出 生前生父與生母離異，新生兒經生父認領登 記，且生父於新生兒出生當日已設籍本鄉並滿 一年。 3.外籍（或大陸）配偶因法令規定尚未設籍 者，需有合法結婚證明（結婚登記須滿一年以上）且居留證地址在本鄉轄內。 4.再婚或復婚者之生產胎次，不論對象為何， 自新婚姻開始重新計算。 5.未婚生子者，其胎次不累計。新生兒為養子 女者不補助。 6.合法之出生證明現居地必須記載於本鄉轄 內，否則視為不符。 ,申請人戶籍謄本,中華民國 109 年 1 月 1 日零時起出生之新生兒適用之。,#屏東縣 #婦女 #孕婦 #生育,
78,屏東縣里港鄉婦女生育補助津貼自治條例,"第一胎補助 30,000 元；第二胎補助 60,000 元；第三胎補助 90,000 元；第四胎補助 120,000 元；第五胎補助 150,000 元。雙胞胎及多胞胎每增加新生兒一人依數加倍發給。
",戶籍地之鄉（鎮、市）公所,屏東縣里港鄉公所 08-7752114 轉 112 楊先生,(1)第一胎：新生兒出生前父母均設籍本鄉，且設籍時間須分別滿 6 個月及 1 年以上（以新生兒出生之日向前推算，以戶籍登記為主）。 (2)第二胎：新生兒出生前父母均設籍本鄉，且設籍時間須分別滿 1 年及 2 年以上（以新生兒出生之日向前推算，以戶籍登記為主）。新生兒之兄姊亦須設籍本鄉滿 2 年以上（初設籍本鄉未曾遷徙者不在此限）。 (3)第三胎：新生兒出生前父母均設籍本鄉，且設籍時間須分別滿 2 年及 3 年以上（以新生兒出生之日向前推算，以戶籍登記為主）。新生兒之兄姊亦須設籍本鄉滿 2 年以上（初設籍本鄉未曾遷徙者不在此限）。 (4)第四胎：新生兒出生前父母均設籍本鄉，且設籍時間須分別滿 3 年及 4 年以上（以新生兒出生之日向前推算，以戶籍登記為主）。新生兒之兄姊亦須設籍本鄉滿 2 年以上（初設籍本鄉未曾遷徙者不在此限）。 (4)第五胎以上：新生兒出生前父母均設籍本鄉，且設籍時間須分別滿 4 年及 5 年以上（以新生兒出生之日向前推算，以戶籍登記為主）。新生兒之兄姊亦須設籍本鄉滿 2 年以上（初設籍本鄉未曾遷徙者不在此限）。,申請人戶籍謄本,新生兒出生後 2 個月內提出申請。,#屏東縣 #婦女 #孕婦 #生育,
79,屏東縣鹽埔鄉婦女生育補助實施辦法,"第 1 胎補助 5,000 元；第 2 胎補助 10,000 元；第 3 胎以上補助 20,000 元。若為雙胞胎或多胞胎，每增 1 人依胎數金額發給。",戶籍地之鄉（鎮、市）公所,屏東縣鹽埔鄉公所 08-7932126 轉 1302 施小姐,1.新生兒父或母之一方設籍本鄉 1 年以上者（以新生兒出生之日向前推算，以戶籍登記為準)。 2.新生兒須設籍本鄉。,申請人戶籍謄本,於出生後 3 個月內提出申請。,#屏東縣 #婦女 #孕婦 #生育,
80,屏東縣高樹鄉生育獎勵金補助自治條例,"每胎補助 30,000 元。",戶籍地之鄉（鎮、市）公所,屏東縣高樹鄉公所 08-7962610 轉 322 林小姐,1.新生兒出生登記設籍本鄉。 2.新生兒父或母任一方於新生兒出生日止設籍本鄉連續滿一年以上。 3.申請補助時新生兒及父或母仍設籍本鄉。,申請人戶籍謄本,無,#屏東縣 #婦女 #孕婦 #生育,
81,屏東縣萬巒鄉婦女生育補助津貼自治條例,"1.第 1 胎 15,000 元；第 2 胎 20,000 元；第 3 胎以上 25,000 元；(多胞胎以胎次倍數計算)。 2.另發做月子營養補助 2,000 元。",戶籍地之鄉（鎮、市）公所,屏東縣萬巒鄉公所 08-7812460 轉 23 沈小姐,"1.凡婚生新生兒出生前父或母需在本鄉設籍，且父母其中一方應於新生兒出生前設籍本鄉滿1 年以上者(若原設籍本鄉一年以上者遷出後未滿一年再遷入本鄉者，符合其規定)。 2.新生兒如為遺腹子或未婚生子且符合前項所設籍規定者。 3.凡遷居本鄉滿一年以上未滿二年者，生產胎次以第一胎開始計算；滿二年以上按實際生產胎次計算。（再婚者之胎次計算以再婚後重新計算）。
",申請人戶籍謄本,1.養子女不予補助。 2.新生兒出生後 3 個月內提出申請。,#屏東縣 #婦女 #孕婦 #生育,
82,屏東縣竹田鄉生育補助辦法,"每胎補助 10,000 元整。",戶籍地之鄉（鎮、市）公所,屏東縣竹田鄉公所 08-7711187 鍾小姐,1.婦女或配偶之一方設籍本鄉滿一年以上（以新生兒出生之日向前推算）且申請補助時仍設籍本鄉者。 2.新生兒須設籍本鄉，如因自然流產、人工流產或死胎者即不符合申請資格。,申請人戶籍謄本,"1.申請人應自新生兒出生日起 3 個月內提出申請，逾期不予受理（以戶政事務所登記之出生日期為準）。 2.新生兒之父母死亡，行蹤不明或其他特殊個案，由本所專案辦理。 3.已領取政府機關相同性質之補助或津貼者（領取本縣低收入戶或中低收入戶婦女生育補助者除外）及收養子女不予補助。
",#屏東縣 #婦女 #孕婦 #生育,
83,屏東縣新埤鄉公所生育補助金發放自治條例,"每位新生兒補助 8,000 元。",戶籍地之鄉（鎮、市）公所,屏東縣新埤鄉公所 08-7973800 轉 13 林小姐,1.婦女設籍該鄉至新生兒出生日前滿 6 個月以上即可申請，若未滿 6 個月，但其配偶設籍已達 1 年者亦可提出申請。 2.新生兒設籍該鄉。,申請人戶籍謄本,新生兒出生後 3 個月內提出申請。,#屏東縣 #婦女 #孕婦 #生育,
84,屏東縣枋寮鄉公所生育補助實施計畫,"第 1 胎 5,000 元整，第 2胎 10,000 元整，第 3 胎以上20,000 元整，若為雙胞胎或多胞胎，每增 1 人依胎數金額發給。",戶籍地之鄉（鎮、市）公所,屏東縣枋寮鄉公所 08-8782012 轉 23 熊小姐,1.新生兒父或母其中一方需設籍本鄉滿一年者。 2.新生兒 106 年 1 月 1 日（含）以後出生者且需設籍本鄉者。 3.夫妻其中一方為大陸籍和外籍配偶，須以本國籍配偶提出申請。,申請人戶籍謄本,新生兒出生後次日起 3 個月內均可提出申請。,#屏東縣 #婦女 #孕婦 #生育,
85,屏東縣新園鄉婦女生育補助自治條例,"每胎補助 12,000 元。",戶籍地之鄉（鎮、市）公所,屏東縣新園鄉公所 08-8681385 轉 21 周先生,1.新生兒出生時父或母一方設籍本鄉滿一年以上。 2.新生兒如為遺腹子其設籍規定與上述同，已設籍本鄉滿一年已上未婚生子者，未設籍本鄉之未婚婦女其新生兒經設籍本鄉滿一年以上生父認領登記者，新生兒出生前生父與生母因故離異，經其設籍本鄉滿一年以上生父認領登記。 3.外籍（或大陸籍）配偶因法令規定尚未設籍者，需有合法結婚證明。,申請人戶籍謄本,1.養子女者不予補助。 2.新生兒應於出生後 3 個月內提出申請，於國外出生者應於 6 個月內提出申請。,#屏東縣 #婦女 #孕婦 #生育,
86,屏東縣崁頂鄉垃圾焚化廠營運回饋金補助鄉民結婚補助費、生育補助費、喪葬補助費實施辦法,"每位新生兒補助 10,000 元。",戶籍地之鄉（鎮、市）公所,屏東縣崁頂鄉公所 08-8631144 轉 223 宋小姐,"父母之一方符合下列設籍條件者，多胞胎可依胎數分別申請：1.父母其中一方設籍本鄉達 1 年以上者，且申請時仍設籍本鄉，可提出申請。 2.因嫁出申請結婚補助者，不受申請當時仍須設籍本鄉之限制。
",申請人戶籍謄本,"新生兒出生後 3 個月內提出申請。
",#屏東縣 #婦女 #孕婦 #生育,
87,屏東縣林邊鄉生育津貼補助辦法,"每位新生兒補助 10,000 元。",戶籍地之鄉（鎮、市）公所,屏東縣林邊鄉公所 08-8755123 轉 1501 黃小姐,以新生兒出生時設籍本鄉且父母一方自新生兒出生日前須設籍本鄉繼續達四個月以上者。,申請人戶籍謄本,凡在年度內出生之新生兒，申請人必須自年度結束起 60 日內提出申請，逾期不予受理。,#屏東縣 #婦女 #孕婦 #生育,
88,屏東縣南州鄉生育補助自治條例,"每位新生兒補助 5,000 元。",戶籍地之鄉（鎮、市）公所,屏東縣南州鄉公所 08-8642196 轉 39 林小姐,1.於本鄉完成出生登記或初設戶籍之新生兒。 2.父或母一方設籍並實際居住該鄉滿一年以上。 3.外籍（或大陸籍）配偶因法令規定，尚未設籍者需有合法結婚證明且居留證地址在本鄉轄內。 4.未設籍本鄉或未滿一年之婦女，新生兒經生父認領登記，且生父於新生兒出生當日已設籍並實際居住滿一年。 5.未婚生子者，新生兒母親需設籍本鄉滿一年。,申請人戶籍謄本,1新生兒之父母因死亡、行蹤不明或受監護宣告等特殊個案，致無法提出申請者，得由同居之最近親屬或其監護人提出申請。2.申請補助者，於新生兒出生之日起三個月內逕向本所社會課提出申請（以戶政事務所出生登記為準），逾期視為放棄，不予受理。,#屏東縣 #婦女 #孕婦 #生育,
89,屏東縣佳冬鄉生育補助自治條例,"每胎補助 20,000 元整。",戶籍地之鄉（鎮、市）公所,屏東縣佳冬鄉公所 08-8662714 轉 127 張小姐,1.新生兒出生時，父母任一方需設籍並繼續居住本鄉一年以上。（設籍並繼續居住本鄉一年，係指居住期間未中途遷出者，若中途遷出又遷入者，以遷入之日期為計算基準日核算滿一年，但曾設籍並出生本鄉之父母任一方遷入滿六個月者不在此限）。 2.新生兒出生後，在本鄉辦妥出生入籍登記。,申請人戶籍謄本,生育補助應於新生兒出生次日三個月內提出 申請，逾期不予受理。,#屏東縣 #婦女 #孕婦 #生育,
90,屏東縣琉球鄉生育津貼補助自治條例,"每位新生兒補助 5,000 元。",戶籍地之鄉（鎮、市）公所,屏東縣琉球鄉公所 08-8612501 轉 118 許先生,產婦本人或配偶連續設籍該鄉滿 3 年以上。,申請人戶籍謄本,1.新生兒設籍該鄉且出生後 3 個月內提出申請。 2.新生兒如為雙胞胎或以上者，以新生兒數為補助單位。,#屏東縣 #婦女 #孕婦 #生育,
91,屏東縣車城鄉生育補助自治條例,"每位新生兒補助 20,000 元。
",戶籍地之鄉（鎮、市）公所,屏東縣車城鄉公所 08-8821001 轉 507 林小姐,1.父母其中一方設籍該鄉達 6 個月以上（若在該鄉出生並設籍者，遷入滿 3 個月以上），且申請時仍設籍該鄉者。 2.辦妥新生兒初設籍該鄉登記者。,申請人戶籍謄本,新生兒出生次日後 3 個月內提出申請。,#屏東縣 #婦女 #孕婦 #生育,
92,屏東縣滿州鄉實施社會福利－生育補助辦法,"每位新生兒補助 10,000 元。",戶籍地之鄉（鎮、市）公所,屏東縣滿州鄉公所 08-8801105 轉 706 郭小姐,父母其中一方設籍該鄉達 1 年以上者（原設籍該鄉者遷回半年以上），且申請時仍設籍該鄉，可提出申請。,申請人戶籍謄本,新生兒出生後 3 個月內提出申請。,#屏東縣 #婦女 #孕婦 #生育,
93,屏東縣枋山鄉生育費補助實施辦法,"每位新生兒補助 6,000 元。",戶籍地之鄉（鎮、市）公所,屏東縣枋山鄉公所 08-8761107 轉 18 林小姐,1.設籍該鄉滿 6 個月以上並依戶籍法完成結婚登記。 2.新生兒設籍該鄉。,申請人戶籍謄本,新生兒出生後 3 個月內提出申請。,#屏東縣 #婦女 #孕婦 #生育,
94,屏東縣三地門鄉婦女生育津貼補助自治條例,"第一胎補助新臺幣 10,000 元，第二胎補助新臺幣 20,000 元， 第三胎以上(含第三胎)補 助新臺幣 30,000 元。雙胞胎或多胞胎者，每增一人依胎數金額發給。",戶籍地之鄉（鎮、市）公所,屏東縣三地門鄉公所 08-7991104 轉 506 孫小姐,1.新生兒出生登記設籍於本鄉且其父或母一方在本鄉連續設籍滿一年以上（以新生兒出生之日向前推算，以戶籍登記為準）。 2.新生兒為遺腹子其設籍規定與第一款同。 3.設籍本鄉符合第1款者以第一胎計；第二、三胎以上(含第三胎)新生兒父或母其中一方須連續設籍本鄉分別依序滿二、三年以上且新生兒之兄、姊亦須連續設籍本鄉滿二年以上（出生登記設籍於本鄉未曾遷徙者不在此限）。 4.未婚生子者，其新生兒胎次不得累計，非婚生子女雖經生父認領亦同。 5.再婚或復婚者之生產胎次，不論對象為何，自新婚姻開始重新計算。,申請人戶籍謄本,養子女及設籍為「寄居」者皆不予補助。,#屏東縣 #婦女 #孕婦 #生育,
95,屏東縣霧臺鄉公所補助生育津貼自治條例,"每胎補助新臺幣 20,000元整，補助金額以胎計算。",戶籍地之鄉（鎮、市）公所,屏東縣霧臺鄉公所 08-7902234 轉 126 麥小姐,1.凡婚生新生兒出生前父母至少有一方設籍本鄉並實際居住滿一年以上者，以新生兒出生之日向前推算，以戶籍登記為準。 2.新生兒出生後，在本鄉設定戶籍登記。 3.第1款所稱新生兒如為遺腹子或未婚生子且符合前項設籍規定者。,申請人戶籍謄本,"養子女不予補助。
",#屏東縣 #婦女 #孕婦 #生育,
96,屏東縣瑪家鄉生育補助自治條例,"每位新生兒補助 5,000 元整。",戶籍地之鄉（鎮、市）公所,屏東縣瑪家鄉公所 08-7992009 轉 35 陸小姐,1.父母任一方須設籍並繼續居住本鄉 6 個月以上；如係單身父、母亦須符合上列規定。 2.新生兒應於出生後，在本鄉設定戶籍登記者。,申請人戶籍謄本,"1.應於新生兒出生後三個月內提出申請。 2.補助金額以實際出生嬰兒人數計算。
",#屏東縣 #婦女 #孕婦 #生育,
97,屏東縣泰武鄉婦女生育津貼發放自治條例,"每一新生兒補助 5,000 元整。",戶籍地之鄉（鎮、市）公所,屏東縣泰武鄉公所 08-7832435 轉 130 吳小姐,1.新生兒之父或母已設籍並實際居住本鄉一年以上者。 2.已設籍本鄉並滿一年以上未婚者。 3.未設籍本鄉或設籍者未滿一年之婦女，其新生兒經生父認領登記，且生父於新生兒出生當日已設籍並實際居住本鄉滿一年者。,申請人戶籍謄本,無,#屏東縣 #婦女 #孕婦 #生育,
98,"屏東縣來義鄉喪葬慰問金發放及生育獎勵金自治條例
","每位新生兒補助 10,000 元。",戶籍地之鄉（鎮、市）公所,屏東縣來義鄉公所 08-7850251 轉 126 簡小姐,新生兒父或母設籍本鄉。,申請人戶籍謄本,新生兒出生 3 個月內提出申請。,#屏東縣 #婦女 #孕婦 #生育,
99,屏東縣春日鄉婦女生育補助自治條例,"每一新生兒補助新台幣 5,000 元整",戶籍地之鄉（鎮、市）公所,屏東縣春日鄉公所 08-8782145 轉 22 古小姐,新生兒父母之一方設籍本鄉 6 個月以上之婦女生育，並胎兒非死產且新生兒入籍本鄉者。,1.申請表及印章。 2.新生兒之出生證明書。 3.新生兒入籍後之新式戶口名簿。4.申請人領款收據。,1.新生兒出生後 3 個月內，由其直系血親尊親屬或受託人檢具應備證件向鄉公所社會課申請生育補助，逾期則視同放棄。 2.已申領軍公教生育補助及政府機關其他相同性質之生育津貼者，不予重複補助，並追繳已受領之補助。,#屏東縣 #婦女 #孕婦 #生育,
100,屏東縣獅子鄉公所婦女生育津貼補助辦法,"每位新生兒補助 6,000 元。",戶籍地之鄉（鎮、市）公所,屏東縣獅子鄉公所 08-8771129 轉 52 王小姐,"1.新生兒在本鄉辦理出生登記並符合下列情形
之一者 (一)產婦設籍本鄉 6 個月以上。 (二)產婦設籍本鄉未滿 6 個月，但其配偶設籍已達 6 個月以上。（設籍 6 個月之認定，為新生兒出生日往前推
算 6 個月。） 2.婦女懷孕滿 24 週以上，不幸胎死腹中或生產死胎者。
",1.申請書。 2.印章。 3.新式戶口名簿。 4.新生兒出生證明書或醫療院所診斷證明書。,1.兼具領取低收入戶生育津貼、急難醫療救助之資格者，擇一領取。 2.新生兒若為雙(多)胞胎，以新生兒數為補助單位。 3.新生兒出生日起至 3 個月內提出申請。,#屏東縣 #婦女 #孕婦 #生育 #低收入戶,
101,屏東縣牡丹鄉生育補助自治條例,"每位新生兒補助 10,000 元。",戶籍地之鄉（鎮、市）公所,屏東縣牡丹鄉公所 08-8831001 轉 14 林小姐,應符合下列資格之一： 1.新生兒出生於本鄉登記戶籍，其父或母任一人自新生兒出生日起，已設籍本鄉連續滿一年者。 2.新生兒出生於本鄉登記戶籍，其父或母任一人自新生兒出生日起，已合法居留於本鄉連續滿一年者。 3.新生兒之全家人口及收入狀況，經審核符合當年度中低收入戶條件者，,1.申請書。 2.出生證明。 3.完成登記之戶籍謄本。,"1.應於新生兒出生後三個月內，由其直系血親尊親屬向本所提出申請，每位新生兒得申請乙次，逾期則視同放棄。 2.委託他人申請者，除前款文件外應檢附委託書，並提供委託人之國民身分證正本以供查驗。 3.生育補助費以新生兒之父或母為受款人，受款人帳戶以本所公庫之代理金融機構為優先，如指定帳戶非屬本所公庫之代理金融機構，其衍生作業手續費由其生育補助費扣除。
",#屏東縣 #婦女 #孕婦 #生育 #低收入戶 #中低收入戶,
102,低收入戶三節慰問金,"春節慰問金：每戶發給1,000元；端午節慰問金：每戶發給300元；中秋節慰問金：每戶發給300元。",戶籍所在地區公所社會（政）課,臺南市政府社會局社會救助科06-2991111 轉 8061,1.最近一年居住國內超過183日。  2.設籍台南市。 3.凡當年度三節（春節、端午節及中秋節）當日仍核列低收入戶且未接受政府收容安置者。,1.申請書。 2.低收入戶證明正本（受補助者應為列冊人口）。 3.戶籍謄本。 4.申請人存摺封面影本。 5.委由他人辦理者，應填具委託書及檢附受託人身分證影本。,1.為使低收入戶民眾得以安心渡過三大節慶──春節、端午節及中秋節，致贈慰問金提供經濟關懷扶助。 2.補助費由社會局逕撥入各低收入戶指定之郵政（農會）帳戶內。,#台南市 #低收入戶,
103,低收入戶內15歲以下兒童生活補助費,"低收入戶兒童：每人每月2,802元。",戶籍所在地區公所社會（政）課,臺南市政府社會局社會救助科06-2991111 轉 8061,1.最近一年居住國內超過183日。  2.設籍台南市。 3.台南市列冊低收入戶。,1.申請書。 2.低收入戶證明正本（受補助者應為列冊人口）。 3.戶籍謄本。 4.申請人存摺封面影本。 5.委由他人辦理者，應填具委託書及檢附受託人身分證影本。,補助費由社會局逕撥入各低收入戶指定之郵政（農會）帳戶內。,#台南市 #低收入戶 #生活補助費,
104,低收入戶孕產婦及嬰兒營養補助,"孕產婦每人每三個月得申請補助新臺幣 2,000 元整，每胎以申請二次為限；嬰兒每人補助新臺幣 12,000 元整，以申請一次為限。",戶籍所在地區公所社會（政）課,臺南市政府社會局社會救助科06-2991111,1.最近一年居住國內超過183日。  2.設籍台南市。 3.台南市列冊低收入戶。 4.符合下列條件之一者：（一）懷孕四個月以上，且曾有早產、流產、難產紀錄之孕婦。（二）分娩三個月內之產婦，經醫師診斷認為需要營養補充者。（三）出生三個月內之嬰兒，經醫師診斷認為需要營養補充者。,1.申請書。 2.低收入戶證明正本（受補助者應為列冊人口）。 3.戶籍謄本。 4.申請人存摺封面影本。 5.委由他人辦理者，應填具委託書及檢附受託人身分證影本。,1.原則由孕產婦為申請人，倘情形特殊，經本府同意者不在此限。 2.孕產婦營養補助及嬰兒營養補助申請，可由申請人一併提出。 3.申請人應於受補助對象符合要點之翌日起三個月內檢具應備文件向戶籍所在地之區公所提出申請。 4.各區公所受理民眾申請案後，應即查核其申請表件是否齊備，並於七個工作天內完成初審後，函送本局辦理複審及撥款。 6.經審符合補助條件者，補助款將統一由本局撥入申請人指定之帳戶。 7.申請表件未齊備或不符申請資格者，本局將行文通知公所辦理補件或駁回申請案，並將副本抄送申請人。,#台南市 #低收入戶 #孕婦 #婦女 ,
105,低收入戶傷病住院看護費用補助,"補助金額每人每日最高補助新臺幣 1500 元，每人每年度內最高補助新臺幣 120,000 元。每日補助金額之計算以二十四小時計，含跨日之連續時數，未滿二十四小時按時數比例計；未滿一小時者不予補助。僱請看護費用低於前二項規定所計之補助金額者，補助金額以實際支付費用為限。",戶籍所在地區公所社會（政）課,臺南市政府社會局社會救助科06-2991111 轉 6531,1.最近一年居住國內超過183日。 2.設籍台南市。 3.台南市列冊低收入戶。,1.全戶戶籍謄本一份。 2.全民健康保險特約醫院診斷證明書正本，需載明入、出院時間，如有入住加護病房或呼吸照護病房期間，應註明入住加護病房、隔離病房及呼吸照護病房期間。 3.載明看護日期、時間起迄及每日看護費用之收據正本。      ,無,#台南市 #低收入戶 #看護 #醫療補助,
106,災區低收入戶創業貸款利息補貼,"貸款金額：每戶最高新臺幣 1,500,000 元；利息補貼額度：年息 4%，貸款利率低於上開利率者，以實際貸款利率計算。",戶籍所在地區公所社會（政）課,臺南市政府社會局社會救助科06-2991111 轉 6529,"1.最近一年居住國內超過183日。  2.設籍台南市。 3.收入條件每人每月上限 18,583 元。 4.動產條件每人上限 112,500 元。 5.不動產條件每戶上限 5,250,000 元。",1.金融機構核放本貸款相關證明文件。 2.事業負責人證明文件。 3.切結書。,無,#台南市 #低收入戶 #重大變故 #利息補貼,
107,兒童與少年未來教育及發展帳戶,"由兒少之法定代理人(監護人)代為申請，設立帳戶及約定每月存款金額(500元、1000元、1250元擇一)；政府以一比一方式提撥，每人每年最高提撥 15,000 元為上限。",戶籍所在地區公所社會（政）課,臺南市政府社會局社會救助科06-2991111,1.最近一年居住國內超過183日。 2.設籍台南市。 3.台南市列冊低收入戶或低收入戶。,1.法定代理人身分證明文件（如身分證、健保卡、駕照等）及可佐證兒童身份的證件(如健保卡)。 2.戶口名簿或戶籍謄本。 3.兒童及法定代理人印章。 4.若要由郵局自動扣款，請帶郵局存簿及印章(印鑑章)。,兒少於年滿18歲申請領回之款項，可用於接受高等教育、職業訓練或就業、創業等。,#台南市 #低收入戶 #中低收入戶 #教育 #兒童 #少年,
108,傷病救助,"（一）低收入戶：其參加全民健康保險自行負擔之醫療費用，扣除不補助項目之費用後，由主管機關全額補助。（二）中低收入戶：其參加全民健康保險自行負擔之醫療費用，扣除不補助項目之費用後，由主管機關補助 70% ，每人每年最高補助新臺幣 200,000元。（三）其參加全民健康保險自行負擔之醫療費用，扣除不補助項目之費用後，由主管機關補助百分之七十，但每人每年最高補助新臺幣 200,000 元。（二）有關自付醫療費用中之非指定病房費，每人每年最高補助新臺幣 100,000 元。",戶籍所在地區公所社會（政）課,臺南市政府社會局社會救助科 06-2991111 轉 6529,"1.最近一年居住國內超過183日。  2.設籍台南市。 3.急難事由使生活陷困者。4.符合下列條件任一者：（一）臺南市列冊之低收入戶。（二）臺南市列冊之中低收入戶。（三）家庭總收入平均未達當年度本市每人每月最低生活費標準之 1.5 倍，且家庭財產未逾本市當年度公告中低收入戶標準之 1.2 倍，其最近三個月所生醫療費用累計達新臺幣 50,000 元以上者。",1.檢附全民健康保險特約醫院或診所之自付費用收據。 2.醫師診斷確有醫療必要之證明文件，於出院或就醫後三個月內攜帶戶口名簿、私章向戶籍所在地區公所提出申請。 4.低收入戶或中低收入戶證明書，或全戶賦稅資料。,應於出院或就醫後三個月內，向戶籍所在地之區公所提出送主管機關審查後核發。,#台南市 #醫療補助 #低收入戶 #中低收入戶,
109,行旅川資救助,發給單程莒光號以下火車票或國光號以下汽車票,戶籍所在地區公所社會（政）課,臺南市政府社會局社會救助科 06-2991111,1.本市市民在他縣（市）獲得職業，缺乏車費，無法前往報到者。 2.行旅本市之他縣（市）民，缺乏車資，無法返鄉者。,相關身分證明文件或就職通知單。,三個月內不得重覆申請。,#台南市 #急難救助 #交通,
110,喪葬救助,"發給喪葬救助金新臺幣 10,000 元以上，20,000 元以下。",戶籍所在地區公所社會（政）課,臺南市政府社會局社會救助科 06-2991112,1.最近一年居住國內超過183日。  2.設籍台南市。 3.戶內人口死亡無力殮葬。,1.檢附死亡證明書或除戶戶籍謄本。 2.殮葬相關費用收據或估價單之證明文件。 3.戶口名簿。 4.私章。,於三個月內向戶籍所在地區公所提出申請。,#台南市 #喪葬救助,
111,馬上關懷,"（一）核定機關對符合規定者，得依認定基準表即時發給關懷救助金新臺幣 10,000 元至 30,000 元。經評估必要時，得將該個案關懷救助金採分月或分次方式發給之。（二）核定機關得建立備用金制度。訪視小組、直轄市、縣（市）政府(社會福利服務中心)對急迫性個案得於認定符合規定時，立即先發給新臺幣 5,000 元，並逕送核定機關於當日核定後，於24小時內發給關懷救助金餘額。（三）關懷救助金發給後，家庭生活仍陷於困境者，直轄市、縣（市）政府得依社會救助法第21條規定核予救助；直轄市、縣（市）政府急難救助後，家庭生活仍陷於困境者，得轉報衛生福利部再核予救助。",戶籍所在地區公所社會（政）課,臺南市政府社會局社會救助科 06-2991113,"1.設籍台南市。 2.不動產條件每戶上限 5,250,000 元。 3.符合以下條件任一者：（一）因家庭成員死亡、失蹤或罹患重傷病、失業或因其他原因無法工作，致家庭生活陷於困境者。（二）因經濟性因素有自殺之虞之通報個案。（三）因經濟性因素並經通報為脆弱家庭成員。（四）因遭家庭暴力、性侵害經通報或庇護安置，於緊急生活扶助金尚未核發期間，家庭生活陷於困境者。（五）申請福利項目，於尚未核准期間，家庭生活陷於困境者。六、其他因遭逢變故，致家庭生活陷於困境者。",1.馬上關懷急難救助申請書/通報表。 2.戶籍證明文件。 3.申請事由證明文件(死亡證明、失蹤證明、罹患重傷病證明、失業證明或其他事由致無法工作證明文件)。,1.當事人應誠實提供有關證明，如不實領取關懷救助金，應負法律責任，並返還已領取之關懷救助金。 2.訪視人員應善盡訪查認定之權責，如有不實情事，應負相關法律責任。,#台南市 #急難救助 #高風險家庭 #弱勢家戶 #失業者,
112,天然災害補助,"（一）死亡救助：每人發給新臺幣 200,000 元。（二）失蹤救助：每人發給新臺幣 200,000 元。失蹤救助金於發放後，其失蹤人仍生存者，原受領之救助金應予繳回。（三）重傷救助：每人發給新臺幣 100,000 元。（四）安遷救助：住屋毀損達不堪居住程度，戶內人口每人發給新臺幣 20,000 元，每戶以五人為上限。（五）住戶淹水救助：淹水入屋達五十公分以上者，每戶發給新臺幣 5,000 元。但經核定應發給安遷救助者，不核發住戶淹水救助。",戶籍所在地區公所社會（政）課,臺南市政府社會局社會救助科 06-2991114,本市（台南市）市民遭受水、火、雹、風（含颱風及龍捲風）、旱、地震（含海嘯及土壤液化等）及其他災害，致損害重大影響生活者，予以災害救助。本市市民之配偶為臺灣無戶籍國民、外國人、大陸、香港或澳門居民，已在臺灣合法居留並共同生活者，亦適用本辦法。,檢具相關證明文件。,同一期間發生之各種災害事件符合本辦法及其他法規之救助規定者，具領人就同一救助種類僅得擇一領取災害救助金，不得重複具領。,#台南市 #急難救助 #天然災害,
113,危機家庭兒童托育費用補助,"（一）就托於居家托育人員每人每日托育八小時，每人每月最高補助新臺幣 10,000 元整。（二）就托於托嬰中心、幼兒園者，每人每月最高補助新臺幣 8,000 元整。（三）國小一至二年級兒童就托於兒童課後照顧中心者，寒暑假期間每人每月最高補助新臺幣 4,500 元整，其他時間每人每月最高補助新臺幣 3,000 元整。（四）國小三至六年級兒童就托於兒童課後照顧中心者，寒暑假期間每人每月最高補助新臺幣 4,500 元整，其他時間每人每月最高補助新臺幣 2,500 元整。（五）臨時托育補助金額臨時托育補助金額每小時新臺幣 100 元，每月最高補助 40 小時，每年最高補助 240 小時。但身心障礙或發展遲緩兒童者，每小時補助新臺幣 120 元。（六）前項補助高於實際收費者，依實際收費補助。符合本要點補助資格者，補助期間為六個月，期滿前經社工員訪視生活未改善者，得延長六個月，並以一次為限。",戶籍所在地區公所社會（政）課,臺南市政府社會局社會救助科 06-2991115,1.最近一年居住國內超過183日。 2.設籍台南市。 3.符合任一條件者：（一）父母一方或監護人失業、經判刑確定入獄、罹患重大疾病、精神疾病或藥酒癮戒治，致生活陷於困境（二）父母離婚或一方死亡、失蹤，他方無力維持家庭生活。（三）父母一方因不堪家庭暴力，且經濟困難致生活陷於困境。（四）父母雙亡或兒童遭遺棄，其親屬願代為撫養，且經濟困難。（五）未成年少年未婚懷孕或有未滿十二歲之非婚生子女有經濟困難。（六）其他確有生活困難，需予經濟扶助。,1.申請表。 2.個案評估報告。 3.戶口名簿影本；如為無戶（國）籍者，須檢附實際居住本市超過六個月之里長證明。 4.全戶最近一年度所得及財產證明文件。 5.托育繳費證明單據。,申請托育補助者不得與二歲以下就業者家庭部分托育費用補助、父母未就業家庭育兒津貼、兒童托育津貼、五歲幼兒免學費教育計畫、中低收入家庭兒童托教補助、幼兒教保券、原住民托教補助等相同性質之補助重複請領。但依本要點補助之費用較高者得補助其差額。申請臨時托育補助者不得與弱勢家庭兒童臨時托育費用補助重複請領。,#台南市 #急難救助 #高風險家庭 #弱勢家戶 #托育,
114,父母未就業家庭育兒津貼申請,"1.一般家庭：每名幼兒每月補助2,500元。 2.中低收入戶：每名幼兒每月補助4,000元。 3.低收入戶：每名幼兒每月補助5,000元。",戶籍所在地區公所社會（政）課,臺南市政府社會局社會救助科 06-2991116,1.幼兒之父母(或監護人)至少一方因照顧0至2歲幼兒致未能就業者。(2)幼兒之父母(或監護人)經稅捐稽徵機關核定之最近一年之綜合所得總額合計未達申報標準或綜合所得稅稅率未達百分之二十。(3)未領取因照顧該名幼兒之育嬰留職停薪津貼或保母托育費用補助。(4)幼兒未經政府公費安置收容。,1.申請表。 2.申請人其中一方之郵局存摺封面影本。 3.幼兒戶口名簿。 4.印章及身分證正本(父母雙方或監護人)。 5.申請人一方為在臺無戶籍、大陸地區人民或外籍人士者，請檢附居留證，若無居留證者請檢附護照影本。,1.郵寄或親送兒童戶籍地之區公所提出申請。 2.已領有政府其他相同性質之生活類補助或津貼者，不得重複領取本津貼，其額度低於本津貼應補足差額。 3.本津貼以月為核算單位，補助至兒童滿二足歲當月止。 4.本津貼追溯自受理申請月份發給。但兒童出生後六十日內完成出生或初設戶籍登記並申請者，得追溯自出生月份發給。,#台南市 #急難救助 #失業者 #托育,
115,經濟弱勢家庭兒童及少年生活扶助,"家庭總收入平均分配全家人口，每人每月未超過最低生活費標準 1.5 倍者，每人每月扶助新臺幣 2,047 元；每人每月達最低生活費標準 1.5 倍以上，未超過最低生活費標準 2.5 倍者，每人每月扶助新臺幣 800 元。",戶籍所在地區公所社會（政）課,臺南市政府社會局社會救助科 06-2991117,1.設籍台南市。 2.家庭總收入平均分配全家人口，每人每月未超過最低生活費標準 2.5 倍者。,1. 申請調查表。  2. 最近三個月家庭全戶戶籍謄本或新式戶口名簿。  3. 最近一年度家庭應計算人口財產歸屬資料清單、綜合所得 稅各類所得資料清單及綜合所得稅籍資料清單。  4. 受扶助之兒童及少年郵局存摺封面影本。  5. 學生證影本或當期註冊證明。 ,無,#台南市 #急難救助 #生活補助費 #弱勢家戶,
116,弱勢家庭兒童及少年緊急生活扶助計畫,1.符條件第 2 條第一款至第五款規定，全額補助。 2.符條件第 2 條第六款至第十款規定，，依其收入比率補助之： (1)家庭總收入平均未達當年度每人每月最低生活費兩倍者，補助 75%。 (2)家庭總收入平均在當年度每人每月最低生活費兩倍以上未達三倍者，補助 50%。 (3)   家庭總收入平均在當年度每人每月最低生活費三倍以上未達四倍者，補助 25%。,戶籍所在地區公所社會（政）課,臺南市政府社會局社會救助科 06-2991118,1.設籍台南市。 2.符合下列任一者：（一）低收入戶及中低收入戶內兒童及少年。（二）領有弱勢家庭兒童及少年緊急生活扶助者。（三）依兒童及少年保護通報及處理辦法保護之兒童及少年。（四）安置於公私立兒童及少年安置及教養機構或寄養家庭之兒童及少年。（五）特殊境遇家庭扶助條例第九條規定，未滿六歲之兒童。（六）發展遲緩兒童。（七）早產兒。（八）因懷孕或生育而遭遇困境之兒童、少年及其子女。（九）符合行政院衛生署公告之罕見疾病或領有全民健康保險重大傷病證明之兒童及少年。（十）其他經主管機關評估有補助必要之兒童及少年。,1.申請書。 2.申請人及兒童或少年最近三個月內全家人口戶籍謄本或新式戶口名簿(甲式)。 3.申請人郵政儲金簿或金融機構存摺封面影本。 4.全民健康保險特約醫院或診所自付費用及看護支出費用之收據正本及支付明細。 5.醫師診斷確有醫療或看護必要之證明文件(診斷證明書)；住院者並應載明入院、出院日。 6.國稅局出具之最近一年年度綜合所得稅各類所得資料清單。 7.領款收據(至本所社會課填具)。 8委託他人代為申請者，應檢具委託書(至本所社會課填具)、受託人身分證明文件、授權書(至本所社會課填具)、個案紀錄表、就醫資料委託書、非指定病房證明書、非指定醫療費用證明書、共同委任及切結書。,無,#台南市 #生活補助費 #弱勢家戶,
117,中低收入老人生活津貼,"家庭總收入按全家人口平均分配每人每月未超過最低生活費用1.5倍者(即平均每人每月在19,956元以下)，每月發給7,759元；家庭總收入按全家人口平均分配每人每月超過最低生活費用1.5倍，未達2.5倍者(即平均每人每月超過19,956元，但在33,260元以下)，每月發給 3,879 元。前項津貼由區公所逕撥匯至老人帳戶。",戶籍所在地區公所社會（政）課,臺南市政府社會局社會救助科 06-2991119,"1.設籍並實際居住於台南市。 2.年滿六十五歲。 3.未接受政府公費收容安置或政府收容安置補助者。 4.家庭總收入平均分配全家人口，每人每月金額符合規定者（每人每月33,260元以下）。 5.全家人口之存款本金、投資及有價證券按面額計算之合計未超過一定數額：單一人口家庭為新臺幣2,500,000 元，每增加一口，增加新臺幣 250,000 元。 6.全家人口之土地及房屋價值合計不超過新臺幣 6,500,000 元。 7.未入獄服刑、因案羈押或依法拘禁者",1.應計算人口之全戶戶籍謄本。 2.應計算人口之各類所得、財產資料及申請人稅籍資料。 3.其他證明文件。,無,#台南市 #生活補助費 #中低收入戶,
118,居家身心障礙者使用維生器材及必要生活輔具用電優惠申請,參照 https://reurl.cc/9ZgpWj,戶籍所在地區公所社會（政）課,臺南市政府社會局社會救助科 06-2991120,領有身心障礙證明者,1.申請書。 2.電費單收據。 3.三個月內醫療診斷書（或輔具評估報告書）。 4.使用維生器材或必要生活輔具之照片及其他足資證明文件。,依本公告之電費計算方式計算收費。,#台南市 #身心障礙者 #醫療用品,
119,身心障礙者社會保險（全民健保、公教保、勞保、農保、軍保）,重度、極重度身心障礙者：由政府全額補助；中度身心障礙者：由政府補助二分之一、身障者自付二分之一；輕度身心障礙者：由政府補助四分之一、身障者自付四分之三,戶籍所在地區公所社會（政）課,臺南市政府社會局社會救助科 06-2991121,領有身心障礙證明者,身心障礙證明。,依核發身心障礙證明（或手冊）資料（新核發、重新鑑定、轉入），社會局主動按月（每月五日）以電子檔格式，將更正資料逕傳送中央健康保險署，辦理減免。,#台南市 #身心障礙者 #保險補助,
120,身心障礙者房屋租金及購屋貸款利息補助,每人每月補助800元，最高補助5口為限。,戶籍所在地區公所社會（政）課,臺南市政府社會局社會救助科 06-2991122,1.現未接受政府同性質貸款或補助者。 2.未獲得政府補助住宿養護費用者。 3.未借住公有房舍或平價住宅者。 4. 租賃房屋須在本市且實際設籍居住者。,1.申請表。 2.身心障礙手冊正反影本。 3.低收入戶證明（或可經戶籍所在地區公所逕於申請表上勾選證明）。 4.最近三個月內全戶戶籍謄本正本。 5.有效期限內之租賃契約證明 (由轄區區公所就符合資格者造冊，送府備查)。,無,#台南市 #身心障礙者 #居住正義 #利息補貼,
121,身心障礙者生活補助費,1.低收入戶之極重度、重度及中度心障礙者每人每月8499元，輕度身心障礙者每人每月4763 元。 2.中低入戶之極重度、重度及中度身心障礙者每人每月4872元， 輕度身心障礙者每人每月3628 元。,戶籍所在地區公所社會（政）課,臺南市政府社會局社會救助科 06-2991123,1.最近一年居住國內超過183日。  2.設籍台南市。 3.不動產不得超過650萬，動產以200萬為基準，多1人多25萬，以1家四口為例：200萬+25萬X 3 =275萬。 4.家庭總財產不得超過275萬。 5.工作收入每人每月不得超過28620元。,1.申請表。  2.全戶戶籍謄本(未檢附者由公所主動調閱)。  3.全戶所得稅證明(未檢附者由公所主動調閱) 。 4.全戶財產證明(包含動產及不動產) (未檢附者由公所主動調閱)。  5.稅籍資料清單(僅要身障者本人即可) (未檢附者由公所主動調閱)  6.身心障礙手冊正反面影本。 7.郵局存簿影本。 8.戶內有學生，國中生不需檢附學生證，但16歲以上要檢附學生證。,同時符合政府其他生活津貼〈老農津貼、敬老津貼、中低收入老人生活津貼及國民年金老人及身障基本保證年金〉僅能擇一領取。,#台南市 #身心障礙者 #生活補助費,
122,關廠歇業或重大勞資爭議勞工生活補助金,關廠歇業或重大勞資爭議勞工生活補助金,桃園市勞動局勞資關係科,03-3322101 轉 3366075,關廠歇業或重大勞資爭議勞工生活補助金, 無, 無,#桃園市 #勞工 #生活補助金,
123,職業災害慰問金,依照死亡、失能等級裁定,桃園市勞動局勞資關係科,03-3322101 轉 3366075,1.請於職災發生日起一年內提出申請。 2.須於職災發生時已設籍本市4個月以上,1.職業災害慰問金申請表。 2.勞保被保險人投保資料表或在職證明書。 3.住院達3日以上醫療診斷證明書及勞保局核定通知書(通勤職災才須檢附)。 4.失能或死亡證明書。 5.身分證正反面影本及戶籍謄本。6.未重複申請同性質補助之切結書、領據。 7.郵局(或金融機構)存摺封面影本。,1. 若投保單位為工會者，請加附目擊者證明書或雇主證明書。 2.失能或死亡證明書須為勞保局核定失能等級通知書。,#桃園市 #勞工 #傷害死亡補助,
124,急難救助,核發金額依核發標準規定,桃園市社會局社會救助科,03-3322101 轉 6403,因遭遇重大變故致生活陷於困境，經本府訪視評估認定確有救助需要，核發金額依核發標準規定，核定後撥付補助款至申請人帳戶。,1.桃園市急難救助申請表。 2.新式戶口名簿影本。 3.申請人郵局存簿封面影本。 4.其他事由所需必要證明文件。,申請日期為事故發生3個月內，且同一事由以每3個月申請一次為限。,#桃園市 #急難救助 #重大變故,
125,原住民公益彩券工作能力證明申請作業,符合資格者，即可申請成為立即型彩券經銷商,桃園市原住民族行政局原民福利科,03-3322101 轉 6686或6687,若18歲以上未滿20歲但已結婚亦可申請,1.彩券經銷登記申請表正本一份。 2.申請人三個月內戶籍謄本正本一份(若設籍本市者，逕由本府自行查調，免提供)。 3.申請人身分證正反面影本一份。,  無,#桃園市 #就業 #原住民,
126,身心障礙者臨時及短期照顧服務,臨時及短期照顧服務,桃園市社會局身心障礙福利科,03-3322101 轉 6307,1.設籍並居住於本市領有身心障礙證明（手冊）者（需經身心障礙者需求評估中心評估有需求）且家庭照顧者未接受臨時或短期喘息照顧服務。 2.未領有政府提供之特別照顧津貼或其他照顧費用補助。 3.身心障礙者同一時段未接受日間及住宿式照顧服務。 4.身心障礙者未接受家庭托顧服務、居家照顧服務、未聘僱看護（傭）。,1.身心障礙證明(手冊)正反面影本(領身心障礙證明者，檢附需求評估報告)。 2.福利資格證明文件。,  無,#桃園市 #短期照顧 #身心障礙者,
127,桃園市生育津貼,"單胞胎每胎發放新臺幣 30,000 元，雙胞胎每胎發放新臺幣 35,000 元，三胞胎以上每胎發放新臺幣 45,000 元",桃園市社會局兒童托育科,03-3322101 轉 6424, ,(一)申請人親自申請：申請表、申請人之身分證、印章及金融機構存摺封面影本。(二)委託他人代為申請：申請表、受託人之身分證及印章、申請人之身分證、親筆簽名或蓋章之委託書及金融機構存摺封面影本。,  無,#桃園市 #生育 #婦女 #孕婦,
128,桃園市特殊境遇家庭扶助,1.就讀高中高職減免學雜費百分之六十。 2.就讀大專院校減免學雜費百分之六十。,各戶籍所在地區公所社會課,03-3322101 轉 6464,符合桃園市特殊境遇家庭扶助審核作業規定第三點第一項各款規定，且其子女或孫子女就讀國內公立或立案之私立高級中等以上學校並符合社會救助法第五條之三第一項第一款規定之範圍，得申請子女教育補助資格審查。 收入.動產.不動產符合標準且具下列款項之一者： (一)六十五歲以下，其配偶死亡，或失蹤經向警察機關報案協尋未獲達六個月以上。 (二)因配偶惡意遺棄或受配偶不堪同居之虐待，經判決離婚確定或已完成協議離婚登記。 (三)家庭暴力受害。 (四)未婚懷孕婦女，懷胎三個月以上至分娩二個月內。 (五)因離婚、喪偶、未婚生子獨自扶養十八歲以下子女或祖父母扶養十八歲以下父母無力扶養之孫子女，其無工作能力，或雖有工作能力，因遭遇重大傷病或照顧六歲以下子女或孫子女致不能工作。 (六)配偶處一年以上之徒刑或受拘束人身自由之保安處分一年以上，且在執行中。 (七)其他經直轄市、縣市政府評估因三個月內生活發生重大變故導致生活經濟困難者，且其重大變故非因個人責任.債務.非因自願性失業等事由。,"1.特殊境遇家庭扶助申請表。 2.桃園市申請社會福利補助及津貼切結同意書。3.最近三個月內之全戶戶籍謄本。 4.國稅局核發之全戶綜合所得稅證明。 5.全戶三個月內歸戶財產查詢清單。 6.戶內工作人口近三個月薪資證明單或勞保局核發之勞保投保資料。 7.全戶稅籍資料。8.子女郵局存簿封面影本。 9.離婚者，應檢附離婚協議書或離婚判決書(影本需加註與正本相符)。 10.失蹤者，應檢附警察機關核發之(6個月以上，2年以內)失蹤人口查詢單正本。 111,患有重大疾病者，應檢附最近三個月內公立醫療機構或經中央衛生主管機關評鑑合格之醫院診斷證明書正本。 12.身心障礙者，應檢附身心障礙手冊影本。 13.服刑中者，應檢附三個月內在監證明正本。",  無,#桃園市 #特殊境遇家庭,
129,社區式長照服務,日間照顧、小規模多機能、家庭托顧,撥打1966長照服務專線(前5分鐘免費)或本市長期照顧管理中心,03-3322101 轉 6412,長照需要等級第2 級（含）以上，且符合下列情形之一：(一)65歲以上老人。(二)領有身心障礙證明者。(三)55-64歲原住民。(四)50歲以上失智症者。(五)未接受機構收容安置、重病住院看護補助、身心障礙者臨時及短期照顧服務或其他照顧費用補助者。(六)未聘僱外籍家庭看護工或領有政府提供之特別照顧津貼之長照需要者。,桃園市長期照顧管理中心個案服務初篩表/轉介單。,  無,#桃園市 #長期照顧 #身心障礙者 #看護,
130,中低收入老人特別照顧津貼,"每個月新台幣 5,000 元",各戶籍所在地區公所,03-3322101 轉 6412,被照顧者應符合下列規定： 1.領有中低收入老人生活津貼者。 2.未接受收容安置、居家服務、未請看護（傭）者。 3.經直轄市、縣（市）衛生主管機關指定身心障礙者鑑定醫療機 構診斷證明罹患長期慢性病，且經本市指定之醫療機構、護理 之家之醫師、護理人員或社會工作人員作日常生活活動能量 表（ADL）評估為重度以上，或罹患特定病症項目之一，且實際由家人照顧者。 4.實際居住在戶籍所在地者。 (二)照顧者應符合下列規定： 1.應與被照顧者設籍於同一區並實際居住且負責照顧者。 2.應屬下列規定之一者： (1)依中低收入老人生活津貼發給辦法規定，與被照顧者同為 計算家庭總收入全家人口之成員。 (2) 出嫁之女兒或子為他人贅夫者及其配偶。 (3)被照顧者二親等以內之直系血親卑親屬。 3.須年滿16歲，未滿65歲，且無社會救助法第五條之三第一款至第三款、第六款及第七款規定之情事。 4.未從事全時之工作，且實際負責照顧被照顧者。前項所稱之全時工作，指勞動基準法規定之法定工作時間。,1.桃園市中低收入老人特別照顧津貼申請表。 2. 3個月內定之日常生活活動功能量表(ADL)。 3.被照顧者及照顧者國民身分證正、反面影本。 4.身心障礙手冊（免評估者檢附）。 5.照顧者郵局存簿封面影本。 6.被照顧者具有中低收入資格證明。,  無,#桃園市 #生活補助費 #中低收入戶,
131,桃園市身心障礙者參加公務人員考試補習費用補助,補助因參加補習所需費用,桃園市勞動局身障就業科,03-3322101 轉 6814,1.領有身心障礙手冊(或證明)者。 2.申請人應於參加補習課程或購買函授教材後十二個月內，檢附應備文件向本府勞動局提出申請，逾期不予受理。 3.申請人經考試錄取並領有考試及格證書者應於十二個月內，檢附應備文件向本府勞動局提出申請，逾期不予受理。4.參加合法立案補習班開設之公務人員考試課程。,1.身心障礙手冊或證明正反面影本。 2.學員證影本正反面(函授免附)。 3.學費發票或收據正本。 4.切結書。 5.身分證正反面影本。,申請者如有虛報不實者經查核屬實，除應繳回補助款外，不得再申請本項補助。,#桃園市 #身心障礙者,
132,創業服務諮詢,貸款額度：商業登記最高100萬、稅籍登記最高50萬,桃園市勞動局就業職訓服務處,03-3348761,1.20歲-65歲之婦女、45歲-65歲之國民。 2.3年內曾參與政府實體創業研習課程並經創業諮詢輔導。 3.所營事業依法登記未超過2年者，員工人數未滿5人(不含負責人)。 未有下情形者： (1)使用票據於受拒絕往來處分或註銷張數已達應受拒絕往來處分之標準。 (2)債務本金逾一個月未繳、利息逾三個月未繳、遭強制提卡者。 (3)已獲貸微創貸款或微型創業鳳凰貸款並仍在繳款者。,1.創業計畫書正本。 2.創業研習證明文件影本。 3.稅登及商登或主管機關核准設立登記文件影本。 4.國民身分證正反面影本。 5.切結書正本。 6.聯合徵信。 7.營業場所房租契約影本。 8.財務報表。 9.估價單。 10.加盟契約。 11.貸款紀錄。,  無,#桃園市 #創業 #貸款 #婦女,
133,原住民法律訴訟救助申請作業,律師免費諮詢服務及原住民族法律訴訟律師費用補助,桃園市原住民族行政局原民福利科,03-3322101 轉 6686,1.法律服務之對象以原住民族為限。 2.法律費用補助對象，以設籍並實際居住桃園市滿四個月以上之原住民族為限。,1.法律費用申請書。 2.領據。 3.切結書。 4.身分證正反面影本。5.郵局帳戶封面影本。6.律師委任狀影本(未委任律師者免附)。 7.裁判費或律師費收據正本。 8.起(告)訴狀、上訴狀、答辯狀、聲請狀、裁判書、裁定書等相關證明文件影本。, 無,#桃園市 #法律訴訟 #原住民,
134,桃園市身心障礙者取得技術士證照獎勵,依照取得技術式等級裁定,桃園市勞動局身障就業科,03-3322101轉6814,1.領有身心障礙手冊(或證明)者。 2.取得勞動部核發之技術士證照，證照生效日起十二個月之內。,1.身心障礙手冊或證明正反面影本。2.身分證正反面影本(設籍桃園市)。 3.技術士證照正反面影本(證照生效日起十二個月之內)。, 無,#桃園市 #就業 #教育 #身心障礙者,
135,身心障礙者小型復康巴士,以共乘服務為原則，公平及公開方式接受民眾預約或臨時訂車，每人每日每通電話限訂來回各1次，服務方式屬戶到戶運輸。,桃園市社會局身心障礙福利科,03-3322101轉6328,1.設籍本市(桃園市)身心障礙者：北至基隆市，南至新竹縣，起點或訖點必須在本市境內。 2.非設籍本市身心障礙者：起點及訖點均須在桃園市境內。,1.申請人傳真身心障礙手冊〈證明〉之正、反面，並填妥詳細聯絡電話（住家、辦公室、手機）。,申請人於完成之次日始可辦理。,#桃園市 #交通 #身心障礙者,
136,申請漁業天然災害救助及低利貸款,依照損失情況裁定,桃園市農業局漁牧科,03-3361243,1.陸上養殖部分：領有養殖漁業登記證（含臨時養殖漁業登記證）及水權證明文件，且於災害發生前已向養殖所在地區公所申報放養資料之漁民。 2.海上養殖部分：領有區劃漁業權執照或專用漁業權入漁證明文件，並於災害發生前已向養殖所在地區公所申報放養資料之漁民。 3.定置漁業部分：領有漁業權執照之漁民。,1.身分證影本。 2.印章。 3.農(漁)會存款簿。 4.土地所有權狀或土地登記簿謄本(得由受理機關代為查調)或存續有效期間之土地委託經營租賃契約或土地使用同意書等合法經營權證明文件。 6.陸上養殖部分：養殖漁業登記證、放養量申報證明、水權（源）證明。 7.海上養殖部分：區劃漁業權執照或專用漁業權入漁證明文件、放養量申報證明。,  無,#桃園市 #急難救助 #農 / 漁救助 ,
137,訴訟裁判費、律師費及裁決律師費,訴訟之各種費用補助,桃園市勞動局勞資關係科,03-3366075,1.律師費及裁判費請於每一審級訴訟之日起6個月內提出申請。 2.須勞務提供地在本市，或於勞資爭議發生時已設籍本市達四個月以上及勞資爭議需經本府勞動局勞資爭議調解不成立，且非顯無勝訴者。 3.同一事件已獲法院訴訟救助或向勞動部或其他縣市政府申請補助者，不得重複申請。 4.顯無勝訴之望者，不予補助。 5.訴訟利益與訴訟費用補助不成比例者，得不予補助。,1.申請表及勞動部不當勞動行為裁決事件申請書影本(訴訟費用免附)。 2.身分證正反面影本及戶籍謄本。 3.勞工保險被保險人投保資料表（明細）。 4.本府勞資爭議調解紀錄影本（含調解申請人名冊）。 5.起訴狀影本(附法院戳章)及上訴狀影本（一審免附）及判決書影本（一審免附）。 6.律師委任狀影本(附法院戳章)。 7.律師費收據正本。 8.未重複申請同性質補助之切結書。 9.郵局(或其他金融機構)存摺封面影本。, 無,#桃園市 #法律訴訟 #勞工,
138,原住民族子女獎學金申請作業,依照年級裁定之獎學金,桃園市原住民族行政局教育文化科,03-3322101轉6684或6685,1.設籍本市4個月以上。 2.具原住民族身分。 3.現就讀國內各公（私）立大學（專）、公（私）立高中（職）、國民中學（以下簡稱國中）及國民小學之在學學生。 4.正式學籍者。,1.申請書。 2.學生證影本。 3.個人郵局儲金簿封面影本。 4.切結書。 5.領據。 6.學生成績證明單正本或影本。 7.家庭狀況訪視表(清寒生)。 8.低收或中低收入戶證明(清寒生)。,1.學生證影本需蓋有註冊章。 2.學生成績證明單正本或影本需由就讀學校證明影本與正相符。 3.低收或中低收入戶證明須為區公所核發之證明。,#桃園市 #教育 #低收入戶 #中低收入戶 #清寒家庭,
139,經濟弱勢原住民修繕住宅補助,依據「原住民族基本法」第十六條規定訂定補助要點，修繕住宅最高補助10萬元。,桃園市原住民族行政局原民福利科,03-3322101轉6686,1.申請人需年滿二十歲，具有行為能力之原住民族身分者。 2.設籍本市並實際居住四個月以上者。 3.申請人係房屋所有權人或具原住民族身分之配偶。 4.申請人自覓之廠商需為政府核准登記立案，且營業項目需與申請修繕之工項相符。,1.申請表。 2.申請人三個月內之全戶戶籍謄本。 3.全戶最新綜合所得稅證明及財產歸屬資料清單各1份(若有低收入戶證明或中低收入戶證明者，僅需檢附其一證明即可)。 4.修繕房屋之建物登記謄本。 5.擬欲修繕住宅位置照片每處各一張(黏貼至施工照片對照表，修繕案件照片請以一頁一修繕處黏貼，俾利日後對照)。 6.設施設備改善所需之工程、材料、工資等估價單。 7.最近五年未曾獲政府其他修繕住宅補助切結書。 8.領款收據及申請人郵局或金融機構之活期存款帳戶封面影本。,1.共同生活之直系血親或配偶不在申請人戶籍內者，需一併檢附戶籍謄本。 2.無法提出建物登記謄本證明者，得以房屋税籍或檢附水費(或電費)繳費收據及經里長出具該房屋確為申請人所有且有居住事實之證明。 3.估價單之工資與材料應區分，工項需量化，並搭配簡圖(規格、材質需標示清楚)，於驗收時方便驗收人員查對。,#桃園市 #住宅修繕 #中低收入戶 #原住民 #弱勢家戶 #低收入戶,
140,桃園市機車汰舊換新、新購電動二輪車及設置電動二輪車充電設施補助,依照身分、地區、機車/電動車種類裁定,桃園市環境保護局空氣品質保護科,03-3386021轉1233,請詳見「109年桃園市機車汰舊換新補助計畫」https://www.tydep.gov.tw/TYDEP/PeopleApply/Detail/1022?type=0&quot,>https://www.tydep.gov.tw/TYDEP/PeopleApply/Detail/1022?type=0,紙本或線上(桃園市低碳運具補助線上申辦審查補助系統)申請皆可。, 無,#桃園市 #交通 #電動車
141,政策性農業專案貸款利息補助,按年利率最高補助百分之一點五。,桃園市各區農會、桃園市政府農業局(農地管理科),03-3322101轉5483或5485,1.本市各區農（漁）會所屬會員。 2.於本市各區農（漁）會信用部完成貸款程序，且其貸款項目符合本要點所稱政策性農業專案貸款。,1.申請書。 2.請領收據正本。 3.存摺帳戶封面影本。 4.貸款機構核發之貸款證明。 5.農（漁）會會員證明。 6.身分證明文件。 7.其他相關證明文件。,補助期間最長為一年，不同項目貸款得分別給予利息補助。,#桃園市 #貸款 #農 / 漁業者,
142,農業天然災害農田之受災救助,依據經濟部頒訂「水災災害救助種類及標準 」,受災地區公所農經課,03-3322101轉5452,農田遭受颱風、豪雨致流失及沖積砂土埋沒而無法耕種者，或因颱風、豪雨之海水倒灌而致地上農作物枯死，受災面積達○．○五公頃以上者,1.身分證影本。 2.農會存款簿。 3.印章。 4.土地所有權狀或土地登記簿謄本。 5.存續有效期間之土地委託經營或租賃契約或土地使用同意書等合法經營權證明文件。, 無,#桃園市 #急難救助 #農 / 漁救助 ,
143,農業天然災害現金救助,依據「農業天然災害救助辦法」,受災地區公所農經課,03-3322101轉5462,農民種植（設置）之農作物（設施）因該次天然災害致損害程度達百分之二十者。,1.身分證影本。 2.農會存款簿。 3.印章。 4.土地所有權狀或土地登記簿謄本。 5.存續有效期間之土地委託經營或租賃契約或土地使用同意書等合法經營權證明文件。, 無,#桃園市 #急難救助 #農 / 漁救助,
144,外籍勞工傷害死亡補助,依照「保障雇主及從事就業服務法第四十六條第一項第八款至第十款規定工作之外國人（外籍勞工）權益」裁定。,桃園市勞動局外勞事務科,03-3322101轉6821或6824,依法來台工作之外籍勞工遭受人身侵害案件而為刑事案件被害人，或遭受職業災害、傷病無法工作，認定有補助之必要。,1.外籍勞工慰問金補助申請表。 2.外籍勞工或關係人之身分證明文件。 3.相關佐證資料(例如：診斷證明書、死亡證明書、經相關單位驗證之親屬關係證明等及視案件情形提供相關資料)。 4.款項核撥資料(例如：我國帳戶資料，如為海外帳戶需經相關單位驗證)。, 無,#桃園市 #傷害死亡補助 #就業 #勞工 #外籍勞工,
145,桃園市市民醫療補助,"1.列冊低收入戶，全額補助。 2.中低收入戶，最近3個月醫療費用累計超過 30,000 元以上，補助80%。 4.非屬低收入戶或中低收入戶者，患嚴重傷、病，家庭總收入平均分配全家人口，每人每月不超過當年度本市最低生活費1.5倍，且最近3個月自行負擔醫療費用累計達新臺幣 30,000 元以上，補助80％。",戶籍所在地區公所社會課,03-3322101轉6403," 1.設籍並實際居住本市。 2.符合下列條件之一者: (一)低收入戶。 (二)中低收入戶，最近3個月醫療費用累計超過 30,000 元以上。 (三)非屬前二款，患嚴重傷、病，家庭總收入平均分配全家人口，每人每月不超過當年度本市最低生活費1.5倍，且最近3個月自行負擔醫療費用累計達新臺幣 30,000 元以上。",1.申請書。 2.全民健康保險特約醫院或診所之自付費用收據正本或收費通知單。 3.醫療診斷證明書正本，住院者並應載明入院及出院日期。 4.金融機構存摺封面影本。 5.具領人收據。 6.三個月內各類所得及財產資料 (可由系統查調，免由申請人檢附)。,1.全民健康保險之部分負擔醫療費用之補助，不包含掛號、義肢、義眼、義齒、配鏡、鑲牙、整容、整形、病人運輸、指定醫師、特別護士、指定藥品材料、疾病預防、非因疾病而施行預防之手術、節育結紮、住院期間之看護、指定病房及其他與醫療無直接相關之項目。 2.給付費用為因疾病或傷害就醫所生之下列費用：（一）全民健康保險之部分負擔醫療費用。（二）全民健康保險不給付，且經醫師診斷為必要醫療項目之費用。,#桃園市 #住院 #醫療補助 #中低收入戶 #低收入戶,
146,新住民職業訓練期間子女托育補助,"依據「外籍配偶照顧輔導基金補助作業要點」及「外籍配偶照顧輔導基金補助經費申請補助項目及基準」補助，每小時最高補助 100 元，每月最高補助 5,000 元，每名孩童個案最高補助 15,000 元。",各委訓單位,03-3322101轉8016,大陸及外籍配偶於參加失業者職業訓練期間，育有6歲（含）以下幼童，並就托於立案托育機構者。,1.子女托育費補助申請書。 2.領據。 3.申請人金融機構存款簿影本(帳號封面)。 4.身分證件(居留證)正反面影本。 5.托兒機構開立收據正本。 6.托兒機構立案證書影本。 7.桃園市政府就業服務處核發之結訓證書影本。 8.全戶戶籍謄本。 9.學員名冊。 10.全期課表。,無,#桃園市 #新住民 #托育 #就業,
147,桃園市青年安薪就業讚方案,依據就業服務處網站：http://oes.tycg.gov.tw/,桃園市就業服務處網站,03-3322101轉8017,於求職登記當日，未參加勞工保險，且未滿30歲，經教育單位認可之國內外高中(職)以上學校畢業，經本處評估後，具有工作意願之桃園市籍青年，工作滿3個月及6個月仍在職者可提出獎勵金申請。,1.就業獎勵金申請書。 2.國民身分證正反面影本。 3.領據(本人之國內金融機構存摺封面影本)。 4.勞工保險投保明細表、薪資證明文件。,無,#桃園市 #就業 #失業者 #勞工,
148,身心障礙者就業及職業重建服務,以個案管理方式，提供就業諮詢、障礙功能評估、職涯輔導、連結相關資源等。,桃園市勞動局身障就業科,03-3322101轉6814或6815,領有身心障礙手冊(或證明)。,1.有效期間之身心障礙手冊或身心障礙證明。 2.身分證正本。,無,#桃園市 #就業 #身心障礙者 #失業者,
149,訴訟期間生活補助金,依照法案規定裁定補助金,桃園市勞動局勞資關係科,03-3366075,1.應於提起每一審級訴訟之日起六個月內提出申請。 2.須勞務提供地在本市，且於勞資爭議發生時已設籍本市達四個月以上及勞資爭議需經本府勞動局勞資爭議調解不成立，且非顯無勝訴者。 3.同一事件已獲法院訴訟救助或向勞動部或各縣（市）政府申請補助者，不得重複申請。4.依勞工之資力，顯無補助必要者，得不予補助。5.訴訟利益與訴訟費用補助不成比例者，得不予補助。,1.申請書。 2.身分證正反面影本及戶籍謄本。3.勞工保險被保險人投保資料表（明細）。 4.本府勞資爭議調解紀錄影本（含調解申請人名冊）。 5.起訴狀影本(附法院戳章)及上訴狀影本（一審免附）及判決書影本（一審免附）。 6.全戶綜合所得稅免納稅證明文件影本、村（里）長出具之清寒證明正本或公立就業機構出具之失業認定影本（擇一檢附）或其他經本會認定足以證明無資力之證明文件。 7.未重複申請同性質補助之切結書。 8.郵局(或其他金融機構)存摺封面影本。,無,#桃園市 #法律訴訟 #生活補助費 #失業者 #勞工 #清寒家庭 #中低收入戶 #低收入戶,
150,原住民族急難救助金補助,依照法案規定裁定補助金,戶籍所在地之各區公所人文課,03-3395052,設籍桃園市且具有原住民族身分。,死亡救助：1.申請書。2.共同生活之戶口名簿影本。3.死亡證明書正本。 醫療補助：1.申請書。2.共同生活之戶口名簿影本。3.住院證明書或疾病診斷書(擇一)。4.醫療收據或醫療費用明細証明單正本（擇一）。 重大災害救助：1.申請書。2.共同生活之戶口名簿影本。3.重大災害證明及相關證明文件各1份。 生活扶助：1.申請書。2.共同生活之戶口名簿影本。3.相關證明文件或由權責機關出具之證明文件各1份。,醫療收據或醫療費用明細等相關證明文件如為影本需蓋醫院戳章,#桃園市 #住院 #急難救助 #傷害死亡補助 #原住民 #重大傷病 #生活補助費 #醫療補助,
151,經濟弱勢原住民族家庭租屋補助計畫,"每月 4,000 元新台幣",桃園市各區公所,03-3322101轉6685,1.申請人需滿二十歲，具有行為能力之原住民族身分者(但單親獨立撫育未成年之原住民族子女者，不在此限，並設籍本市4個月以上。 2.未接受政府安置於國宅或安置住所、平價住宅租屋者。3.家庭成員無自用住宅者，亦無借住公有住宅或宿舍者。 4.合法租屋者(以租賃契約認定)，但租賃本市各國宅者除外。 5.家庭人口數需3人以上。但單親家庭、低收入戶、身心障礙者及55歲以上獨居老人不受人口數限制。 6.符合政府公告每人每月最低生活費標準1.5倍者。,,受理期限：每年3月1日至4月30日止。,#桃園市 #生活補助費 #中低收入戶 #身心障礙者 #原住民 #單親家庭 #低收入戶,
152,身心障礙者自力更生補助申請,補助身心障礙者創業所需之房舍租金及設備,桃園市勞動局身障就業科,03-3333814,1.領有身心障礙手冊（或殘障手冊）者。 2.設籍本市六個月以上。 3.具有創業意願及工作能力。 4.所經營之行業，屬公司組織者依公司法辦理公司登記；屬獨資、合夥者依商業登記法辦理商業登記，而自公司登記或商業登記(執業許可證)之日起一年內，其營業稅籍應設於本市內。,"1.桃園市政府補助身心障礙者自力更生申請書。 2.公司登記或商業登記(執業許可證)證明文件。 3.經公證之營業場所租賃契約影本（須註明坪數）及租金繳交證明。 4.租賃所得稅扣繳稅額繳款書影本。 5.建築改良物所有權狀影本（或建物謄本或建物所有權狀影本）。 6.戶口名簿影本或戶籍謄本。 7.購置設備之發票原始憑證,但買受人應以其創業單位為限。 8.房租及設備補助領據。 9.撥款同意書。",無,#桃園市 #創業 #身心障礙者,
153,未滿二歲兒童托育準公共化服務費用暨延長二至三歲托育補助,"依據身分別以及托育機構從 3,000 至 10,000 元新台幣不等",托育所在地的居家托育服務中心或送托的托嬰中心、社區公共托育家園,托育所在地的居家托育服務中心或送托的托嬰中心、社區公共托育家園、社會局。,1.低收入戶。 2.中低收入戶。 3.兒童之父母(或監護人)經稅捐稽徵機關核定之最近 一年之綜合所得稅率未達20%。 4.弱勢家庭。,1.申請書。 2.幼兒及申請人身分證明文件，如戶口名簿影本。 3.申請人郵局存摺封面影本。 4.簽訂之托育服務契約書影本。 5.家庭狀況證明文件1種(依實際情況檢附)。,無,#台中市 #托育 #弱勢家戶 #中低收入戶 #低收入戶,
154,二歲以上至未滿六歲兒童平價托育費用補助,"1.三至未滿五歲送托本市準公共化合作單位，每月補助 500 元。 2.五至未滿六歲送托本市準公共化合作單位，本局每月補助 3,000 元。",各送托單位或社會局,各區公所或社會局 04-22289111 轉 37500,1.兒童設籍本市且兒童之父母(或監護人)須設籍滿6個月。 2.低收入戶。 3.中低收入戶。 4.兒童之父母(或監護人)經稅捐稽徵機關核定之最近 一年之綜合所得稅率未達20%。 5.弱勢家庭。 6.兒童未經政府公費安置收容、未領取因照顧該名兒童之育嬰留職停薪津貼、育兒津貼或其他政府同性質之津貼。,無,無,#台中市 #托育 #弱勢家戶 #中低收入戶 #低收入戶,
155,育有未滿二歲幼兒育兒津貼,"依據身分別以及托育機構從 2,500 至 5,000 元新台幣不等",兒童戶籍地區公所,各區公所或社會局 04-22289111 轉 37501,1.低收入戶。 2.中低收入戶。 3.兒童之父母(或監護人)經稅捐稽徵機關核定之最近 一年之綜合所得稅率未達20%。 4.兒童未經政府公費安置收容、未領取因照顧該名兒童之育嬰留職停薪津貼、未接受托育公共及準公共化服務(指未送托與政府簽訂合作契約之居家托育人員、托嬰中心、社區公共托育家園)。,1.父母雙方身分證及印章 。 2.申請表。 3.郵局存簿封面影本(兒童或兒童之父或母其中一方) 。 4.全戶戶口名簿影本(須含兒童及父母) 。 5.第3名以上子女之證明文件（如戶口名簿具詳細記事）。 6.一方為在臺無戶籍、大陸地區或外籍人士者，檢附居留證影本(無者免附) 。,補助對象年齡上限為滿2歲當月。,#台中市 #托育 #中低收入戶 #低收入戶,
156,兒童臨時托育服務補助,一般兒童每小時新臺幣 120 元，發展遲緩或身心障礙兒童每小時新臺幣 180 元。,1.第一至六區居家托育服務中心。 2.本局當年度核可合作之臨托托嬰中心。,各區公所或社會局 04-22289111 轉 37502,1.低收入戶。 2.中低收入戶。 3.單親家庭。 4.身心障礙或發展遲緩家庭。 5.失業者家庭。 6.夜間工作家庭。 7.多胞胎家庭。 8.高風險家庭。 9.每人每月未超過政府當年度公布最低生活費2.5倍。 10.未超過不動產條件每戶上限 650萬元。11.未領有準公共化、本市平價托育或其他同性質之托育費用補助者。 12.常態性半日托育、日間托育、全日托育、夜間托育、延長托育不適用本補助。,1.戶籍資料。 2.緊急或臨時事件相關證明。 3.全家人口最近一年度綜合所得稅各類所得及財產歸戶資料清單。 4.資格文件：(1)低收入戶:本市當年度低收入戶核定函影本。(2)中低收入戶：本市當年度年中低收入戶核定函影本。 (3)單親家庭:當年度臺中市特殊境遇家庭核定函影本、當年度臺中市兒童及少年生活扶助核定函影本。 (4)身心障礙或發展遲緩家庭:當年度臺中市身心障礙生活津貼核定函影本及一年內發展遲緩兒童證明、綜合評估報告書、區域級以上醫院開立發展遲緩診斷證明書；有效期間內身心障礙手冊或證明影本。 (5)失業者家庭:非自願性離職證明及職業訓練證明、求職證明、技能檢定考試到考證明、國家考試到考證明。 (6)夜間工作家庭:夜間工作相關證明。 (7)多胞胎家庭:同一胎兩名子女以上。 (8)高風險家庭:本府社會局專簽證明文件。,1.居家式臨時托育補助年齡上限為未滿12歲。2.機構式臨時托育補助年齡上限為未滿2歲。,#台中市 #托育 #中低收入戶 #低收入戶 #身心障礙者 #特殊境遇家庭,
157,經濟弱勢兒童及少年生活扶助,"每人每月補助 2,047 元",受補助者戶籍地區公所,各區公所或社會局 04-22289111 轉 37503,1.受補助者設籍並實際居住於台中市。 2.居住日數需大於183日。 3.中低收入戶。 4.弱勢兒童及少年。 5.每人每月未超過政府當年度公布最低生活費1.5倍。 6.動產條件須小於動產上限每人15萬元。 7.不動產條件須小於每戶不動產上限六百五十萬元。 8.單獨監護扶養。,1.全戶戶口名簿影本，但申請人可提供所有應計算全家人口之身分證字號者免附。 2.申請人身分證（或有效期間內之居留證）及印章。 3.受補助者郵局存簿影本。 4.其他經社會局指定之文件(就學證明、身心障礙證明、重大傷病證、)。,補助對象年齡上限為滿18歲當月。,#台中市 #生活補助費 #中低收入戶 #低收入戶,
158,中低收入家庭內未滿18歲兒童及少年全民健康保險自付保險費補助,補助 100% 自付保險費,受補助者戶籍地區公所,各區公所或社會局 04-22289111 轉 37504,1.設籍並實際居住台中市。 2.居住日數需大於183日。 3.中低收入戶。,無,補助對象年齡上限為滿18歲當月。,#台中市 #生活補助費 #中低收入戶,
159,低收入戶及弱勢兒童少年醫療補助,各項費用，詳見https://www.society.taichung.gov.tw/461238/post,兒少戶籍地區公所,各區公所或社會局 04-22289111 轉 37505,1.設籍並實際居住於台中市。 2.居住日數需大於183日。 3.(中)低收入戶。 4.弱勢兒童及少年。 5.特殊境遇家庭。 6.兒童及少年保護個案。 7.本局安置於立案之公私立兒童、少年安置、教養機構或寄養家庭之兒童及少年。 8. 符合衛生福利部公告之罕見疾病兒童及少年或領有全民健康保險重大傷病卡之兒童及少年。9. 因早產及其併發症住院醫療之兒童。10 領有發展遲緩證明或經身心障礙需求評估有療育需求之7-12歲(入小學後至未滿十三歲)之兒童。11. 其他經本局社工員訪視評估有必要補助之兒童及少年。,詳見 https://www.society.taichung.gov.tw/461238/post,無,#台中市 #醫療補助 #中低收入戶 #低收入戶 #身心障礙者 #特殊境遇家庭 #罕見疾病 #重大傷病,
160,發展遲緩兒童早期療育補助,"療育費、交通費，合計每人每月最高補助 4,000 元；列冊低收入戶每人每月最高補助 5,000 元。",幼童戶籍地區公所,各區公所或社會局 04-22289111 轉 37506,1. 設籍於台中市。 2.一般家庭或低收入戶家庭。,1.申請表。2. 三個月內電子戶籍謄本或新式戶口名簿影本。3.受補助對象或申請人之郵局存摺封面影本。4.有效期間內之發展遲緩綜合報告書、(疑似)發展遲緩診斷證明書或身心障礙手冊或證明(影本)。5.療育紀錄卡。6.療育收據憑證黏貼單。7.有效期限內之低收入戶證明影本。8.其他證明文件(如有效期限之寄養契約書、緩讀證明書等)。9.切結書，如郵局存摺非受本補助對象或申請人須檢附。,無,#台中市 #身心障礙者 #低收入戶 #交通 #醫療補助,
161,電動拍痰器,"1.低收入戶：補助新臺幣 15,000 元。 2.中低收入戶：補助新臺幣 11,300 元。  3.不符前兩項者：補助新臺幣 7,500 元。",新北市政府衛生局,新北市政府衛生局高齡及長期照顧科 02-22577155 轉 3656,1.設籍新北市。 2.領有身心障礙手冊或身心障礙證明。 3.尚未納入全民健康保險給付範圍且經醫師診斷或醫事人員評估為醫療復健所需，具有促進恢復身體結構、生理功能或避免併發症之醫療輔具使用者。,1.身心障礙證明或手冊(空白處請註明聯絡地址及電話,配合免書證謄本政策，得以系統代為查調)。  2.診斷證明書。,無,#新北市 #低收入戶 #中低收入戶 #醫療輔具
162,抽痰機,"1.低收入戶：補助新臺幣 5,000 元。 2.中低收入戶：補助新臺幣 3,800 元。  3.不符前兩項者：補助新臺幣 2,500 元。",新北市政府衛生局,新北市政府衛生局高齡及長期照顧科 02-22577155 轉 3657,1.設籍新北市。 2.領有身心障礙手冊或身心障礙證明。 3.尚未納入全民健康保險給付範圍且經醫師診斷或醫事人員評估為醫療復健所需，具有促進恢復身體結構、生理功能或避免併發症之醫療輔具使用者。,1.身心障礙證明或手冊(空白處請註明聯絡地址及電話,配合免書證謄本政策，得以系統代為查調)。  2.診斷證明書。,無,#新北市 #低收入戶 #中低收入戶 #醫療輔具
163,化痰機(噴霧器),"1.低收入戶：補助新臺幣 5,000 元。 2.中低收入戶：補助新臺幣 3,800 元。  3.不符前兩項者：補助新臺幣 2,500 元。",新北市政府衛生局,新北市政府衛生局高齡及長期照顧科 02-22577155 轉 3658,1.設籍新北市。 2.領有身心障礙手冊或身心障礙證明。 3.尚未納入全民健康保險給付範圍且經醫師診斷或醫事人員評估為醫療復健所需，具有促進恢復身體結構、生理功能或避免併發症之醫療輔具使用者。,1.身心障礙證明或手冊(空白處請註明聯絡地址及電話,配合免書證謄本政策，得以系統代為查調)。  2.診斷證明書。,無,#新北市 #低收入戶 #中低收入戶 #醫療輔具
164,血氧偵測儀(血氧機),"1.低收入戶：補助新臺幣 6,000 元。 2.中低收入戶：補助新臺幣 4,500 元。  3.不符前兩項者：補助新臺幣 3,000 元。",新北市政府衛生局,新北市政府衛生局高齡及長期照顧科 02-22577155 轉 3659,1.設籍新北市。 2.領有身心障礙手冊或身心障礙證明。 3.尚未納入全民健康保險給付範圍且經醫師診斷或醫事人員評估為醫療復健所需，具有促進恢復身體結構、生理功能或避免併發症之醫療輔具使用者。,1.身心障礙證明或手冊(空白處請註明聯絡地址及電話,配合免書證謄本政策，得以系統代為查調)。  2.診斷證明書。,無,#新北市 #低收入戶 #中低收入戶 #醫療輔具
165,UPS不斷電系統,"1.低收入戶：補助新臺幣 2,500 元。 2.中低收入戶：補助新臺幣 1,900 元。  3.不符前兩項者：補助新臺幣 1,300 元。",新北市政府衛生局,新北市政府衛生局高齡及長期照顧科 02-22577155 轉 3660,1.設籍新北市。 2.領有身心障礙手冊或身心障礙證明。 3.尚未納入全民健康保險給付範圍且經醫師診斷或醫事人員評估為醫療復健所需，具有促進恢復身體結構、生理功能或避免併發症之醫療輔具使用者。,1.身心障礙證明或手冊(空白處請註明聯絡地址及電話,配合免書證謄本政策，得以系統代為查調)。  2.診斷證明書。,無,#新北市 #低收入戶 #中低收入戶 #醫療輔具
166,雙相陽壓呼吸輔助器(Bi-PAP),"1.低收入戶：補助新臺幣 120,000 元。 2.中低收入戶：補助新臺幣 90,000 元。  3.不符前兩項者：補助新臺幣 60,000 元。",新北市政府衛生局,新北市政府衛生局高齡及長期照顧科 02-22577155 轉 3661,1.設籍新北市。 2.領有身心障礙手冊或身心障礙證明。 3.尚未納入全民健康保險給付範圍且經醫師診斷或醫事人員評估為醫療復健所需，具有促進恢復身體結構、生理功能或避免併發症之醫療輔具使用者。,1.身心障礙證明或手冊(空白處請註明聯絡地址及電話,配合免書證謄本政策，得以系統代為查調)。  2.診斷證明書。 3.醫療輔具評估報告。,無,#新北市 #低收入戶 #中低收入戶 #醫療輔具
167,單相陽壓呼吸輔助器(C-PAP),"1.低收入戶：補助新臺幣 40,000 元。 2.中低收入戶：補助新臺幣 30,000 元。  3.不符前兩項者：補助新臺幣 20,000 元。",新北市政府衛生局,新北市政府衛生局高齡及長期照顧科 02-22577155 轉 3662,1.設籍新北市。 2.領有身心障礙手冊或身心障礙證明。 3.尚未納入全民健康保險給付範圍且經醫師診斷或醫事人員評估為醫療復健所需，具有促進恢復身體結構、生理功能或避免併發症之醫療輔具使用者。,1.身心障礙證明或手冊(空白處請註明聯絡地址及電話,配合免書證謄本政策，得以系統代為查調)。  2.診斷證明書。 3.醫療輔具評估報告。,無,#新北市 #低收入戶 #中低收入戶 #醫療輔具
168,氧氣製造機,"1.低收入戶：補助新臺幣 25,000 元。 2.中低收入戶：補助新臺幣 18,800 元。  3.不符前兩項者：補助新臺幣 12,500 元。",新北市政府衛生局,新北市政府衛生局高齡及長期照顧科 02-22577155 轉 3663,1.設籍新北市。 2.領有身心障礙手冊或身心障礙證明。 3.尚未納入全民健康保險給付範圍且經醫師診斷或醫事人員評估為醫療復健所需，具有促進恢復身體結構、生理功能或避免併發症之醫療輔具使用者。,1.身心障礙證明或手冊(空白處請註明聯絡地址及電話,配合免書證謄本政策，得以系統代為查調)。  2.診斷證明書。 3.醫療輔具評估報告。,無,#新北市 #低收入戶 #中低收入戶 #醫療輔具
169,氧氣筒,"1.低收入戶：補助新臺幣 5,000 元。 2.中低收入戶：補助新臺幣 3,800 元。  3.不符前兩項者：補助新臺幣 2,500 元。",新北市政府衛生局,新北市政府衛生局高齡及長期照顧科 02-22577155 轉 3664,1.設籍新北市。 2.領有身心障礙手冊或身心障礙證明。 3.尚未納入全民健康保險給付範圍且經醫師診斷或醫事人員評估為醫療復健所需，具有促進恢復身體結構、生理功能或避免併發症之醫療輔具使用者。,1.身心障礙證明或手冊(空白處請註明聯絡地址及電話,配合免書證謄本政策，得以系統代為查調)。  2.診斷證明書。,無,#新北市 #低收入戶 #中低收入戶 #醫療輔具
170,壓力衣A款-頭頸,"1.低收入戶：補助新臺幣 2,500 元。 2.中低收入戶：補助新臺幣 1,900 元。  3.不符前兩項者：補助新臺幣 1,300 元。",新北市政府衛生局,新北市政府衛生局高齡及長期照顧科 02-22577155 轉 3665,1.設籍新北市。 2.領有身心障礙手冊或身心障礙證明。 3.尚未納入全民健康保險給付範圍且經醫師診斷或醫事人員評估為醫療復健所需，具有促進恢復身體結構、生理功能或避免併發症之醫療輔具使用者。,1.身心障礙證明或手冊(空白處請註明聯絡地址及電話,配合免書證謄本政策，得以系統代為查調)。  2.診斷證明書。 3.醫療輔具評估報告。,無,#新北市 #低收入戶 #中低收入戶 #醫療輔具
171,壓力衣B款-肩胸腹背,"1.低收入戶：補助新臺幣 4,000 元。 2.中低收入戶：補助新臺幣 3,000 元。  3.不符前兩項者：補助新臺幣 2,000 元。",新北市政府衛生局,新北市政府衛生局高齡及長期照顧科 02-22577155 轉 3666,1.設籍新北市。 2.領有身心障礙手冊或身心障礙證明。 3.尚未納入全民健康保險給付範圍且經醫師診斷或醫事人員評估為醫療復健所需，具有促進恢復身體結構、生理功能或避免併發症之醫療輔具使用者。,1.身心障礙證明或手冊(空白處請註明聯絡地址及電話,配合免書證謄本政策，得以系統代為查調)。  2.診斷證明書。 3.醫療輔具評估報告。,無,#新北市 #低收入戶 #中低收入戶 #醫療輔具
172,壓力衣C款-右上肢,"1.低收入戶：補助新臺幣 2,700 元。 2.中低收入戶：補助新臺幣 2,100 元。  3.不符前兩項者：補助新臺幣 1,400 元。",新北市政府衛生局,新北市政府衛生局高齡及長期照顧科 02-22577155 轉 3667,1.設籍新北市。 2.領有身心障礙手冊或身心障礙證明。 3.尚未納入全民健康保險給付範圍且經醫師診斷或醫事人員評估為醫療復健所需，具有促進恢復身體結構、生理功能或避免併發症之醫療輔具使用者。,1.身心障礙證明或手冊(空白處請註明聯絡地址及電話,配合免書證謄本政策，得以系統代為查調)。  2.診斷證明書。 3.醫療輔具評估報告。,無,#新北市 #低收入戶 #中低收入戶 #醫療輔具
173,壓力衣D款-左上肢,"1.低收入戶：補助新臺幣 2,700 元。 2.中低收入戶：補助新臺幣 2,100 元。  3.不符前兩項者：補助新臺幣 1,400 元。",新北市政府衛生局,新北市政府衛生局高齡及長期照顧科 02-22577155 轉 3668,1.設籍新北市。 2.領有身心障礙手冊或身心障礙證明。 3.尚未納入全民健康保險給付範圍且經醫師診斷或醫事人員評估為醫療復健所需，具有促進恢復身體結構、生理功能或避免併發症之醫療輔具使用者。,1.身心障礙證明或手冊(空白處請註明聯絡地址及電話,配合免書證謄本政策，得以系統代為查調)。  2.診斷證明書。 3.醫療輔具評估報告。,無,#新北市 #低收入戶 #中低收入戶 #醫療輔具
174,壓力衣E款-腰臀大腿,"1.低收入戶：補助新臺幣 3,000 元。 2.中低收入戶：補助新臺幣 2,300 元。  3.不符前兩項者：補助新臺幣 1,500 元。",新北市政府衛生局,新北市政府衛生局高齡及長期照顧科 02-22577155 轉 3669,1.設籍新北市。 2.領有身心障礙手冊或身心障礙證明。 3.尚未納入全民健康保險給付範圍且經醫師診斷或醫事人員評估為醫療復健所需，具有促進恢復身體結構、生理功能或避免併發症之醫療輔具使用者。,1.身心障礙證明或手冊(空白處請註明聯絡地址及電話,配合免書證謄本政策，得以系統代為查調)。  2.診斷證明書。 3.醫療輔具評估報告。,無,#新北市 #低收入戶 #中低收入戶 #醫療輔具
175,壓力衣F款-右下肢,"1.低收入戶：補助新臺幣 2,700 元。 2.中低收入戶：補助新臺幣 2,100 元。  3.不符前兩項者：補助新臺幣 1,400 元。",新北市政府衛生局,新北市政府衛生局高齡及長期照顧科 02-22577155 轉 3670,1.設籍新北市。 2.領有身心障礙手冊或身心障礙證明。 3.尚未納入全民健康保險給付範圍且經醫師診斷或醫事人員評估為醫療復健所需，具有促進恢復身體結構、生理功能或避免併發症之醫療輔具使用者。,1.身心障礙證明或手冊(空白處請註明聯絡地址及電話,配合免書證謄本政策，得以系統代為查調)。  2.診斷證明書。 3.醫療輔具評估報告。,無,#新北市 #低收入戶 #中低收入戶 #醫療輔具
176,壓力衣G款-左下肢,"1.低收入戶：補助新臺幣 2,700 元。 2.中低收入戶：補助新臺幣 2,100 元。  3.不符前兩項者：補助新臺幣 1,400 元。",新北市政府衛生局,新北市政府衛生局高齡及長期照顧科 02-22577155 轉 3671,1.設籍新北市。 2.領有身心障礙手冊或身心障礙證明。 3.尚未納入全民健康保險給付範圍且經醫師診斷或醫事人員評估為醫療復健所需，具有促進恢復身體結構、生理功能或避免併發症之醫療輔具使用者。,1.身心障礙證明或手冊(空白處請註明聯絡地址及電話,配合免書證謄本政策，得以系統代為查調)。  2.診斷證明書。 3.醫療輔具評估報告。,無,#新北市 #低收入戶 #中低收入戶 #醫療輔具
177,矽膠片,"1.低收入戶：補助新臺幣 9,000 元。 2.中低收入戶：補助新臺幣 6,800 元。  3.不符前兩項者：補助新臺幣 4,500 元。",新北市政府衛生局,新北市政府衛生局高齡及長期照顧科 02-22577155 轉 3672,1.設籍新北市。 2.領有身心障礙手冊或身心障礙證明。 3.尚未納入全民健康保險給付範圍且經醫師診斷或醫事人員評估為醫療復健所需，具有促進恢復身體結構、生理功能或避免併發症之醫療輔具使用者。,1.身心障礙證明或手冊(空白處請註明聯絡地址及電話,配合免書證謄本政策，得以系統代為查調)。  2.診斷證明書。,無,#新北市 #低收入戶 #中低收入戶 #醫療輔具
